{
	"editor": {
		"allAngles": false,
		"entityTextureMode": false
	},
	"textureWidth": 16,
	"textureHeight": 16,
	"textureSizes": {
	},
	"textures": {
		"bark": "/Vintage Story/mod stuff/willow/fruittree/fruittree/coconut/bark",
		"treetrunk": "/Vintage Story/mod stuff/willow/fruittree/fruittree/coconut/treetrunk"
	},
	"elements": [
		{
			"name": "Cube1",
			"from": [ 3.5, 0.0, 3.5 ], 
			"to": [ 12.5, 16.0, 12.5 ], 
			"rotationOrigin": [ 3.5, 0.0, 3.5 ],
			"faces": {
				"north": { "texture": "#bark", "uv": [ 0.5, 0.0, 9.5, 16.0 ] },
				"east": { "texture": "#bark", "uv": [ 0.5, 0.0, 9.5, 16.0 ] },
				"south": { "texture": "#bark", "uv": [ 0.5, 0.0, 9.5, 16.0 ] },
				"west": { "texture": "#bark", "uv": [ 0.5, 0.0, 9.5, 16.0 ] },
				"up": { "texture": "#treetrunk", "uv": [ 0.5, 0.5, 9.5, 9.5 ], "autoUv": false },
				"down": { "texture": "#treetrunk", "uv": [ 0.5, 0.5, 9.5, 9.5 ], "autoUv": false }
			}
		}
	]}