﻿[
	{
        "code": "Trader",
        "traits":
        ["Trader","TraderStatic"],
        "gear":
        [
{type: "Item", code: "game:clothes-face-survivor" },
{type: "Item", code: "game:clothes-upperbody-merchant-shirt"},
{type: "Item", code: "game:clothes-lowerbody-merchant-pants"},
{type: "Item", code: "game:clothes-head-merchant-hat"},
{type: "Item", code: "game:clothes-waist-merchant-belt"},
{type: "Item", code: "game:clothes-foot-merchant-shoes" }
		]
    },
  {
        "code": "Mercenary",
        "traits":
        ["Mercenary","MercenaryStatic"],
        "gear":
        [
		{type: "Item", code: "game:clothes-upperbody-blackguard-shirt"},
		{type: "Item", code: "game:clothes-lowerbody-blackguard-leggings"},
		{type: "Item", code: "game:clothes-foot-blackguard-shoes"},
		{type: "Item", code: "game:clothes-waist-blackguard-belt"},
		{type: "Item", code: "game:clothes-emblem-blackguard-pin"},
		{type: "Item", code: "game:clothes-face-corroded" }

        ]
    },
    {
        "code": "Smith",
        "traits":
        ["Smith","SmithStatic"],
        "gear":
        [
{type: "Item", code: "game:clothes-waist-clockmaker-belt"},
{type: "Item", code: "game:clothes-upperbodyover-clockmaker-tunic"},
{type: "Item", code: "game:clothes-upperbody-clockmaker-shirt"},
{type: "Item", code: "game:clothes-shoulder-blacksmith-apron"},
{type: "Item", code: "game:clothes-lowerbody-clockmaker-pants"},
{type: "Item", code: "game:clothes-hand-clockmaker-wristguard" },
{type: "Item", code: "game:clothes-foot-clockmaker-shoes" }
        ]

    },
	{
        "code": "Hunter",
        "traits":
        ["Hunter","HunterStatic"],
        "gear":
        [
{type: "Item", code: "game:clothes-upperbodyover-hunter-coat"},
{type: "Item", code: "game:clothes-upperbody-hunter-shirt"},
{type: "Item", code: "game:clothes-shoulder-hunter-poncho" },
{type: "Item", code: "game:clothes-lowerbody-hunter-leggings" },
{type: "Item", code: "game:clothes-head-hunter-cape"},
{type: "Item", code: "game:clothes-hand-hunter-gloves" },
{type: "Item", code: "game:clothes-foot-hunter-boots" },
{type: "Item", code: "game:clothes-face-hunter-mask"}
        ]
    },
    {
        "code": "Woodworker",
        "traits":
        ["Woodworker","WoodworkerStatic"],
        "gear":
        [
{type: "Item", code: "game:clothes-waist-marketeer"},
{type: "Item", code: "game:clothes-foot-marketeer"},
{type: "Item", code: "game:clothes-upperbodyover-marketeer"},
{type: "Item", code: "game:clothes-lowerbody-marketeer"},
{type: "Item", code: "game:clothes-upperbody-marketeer"},
{type: "Item", code: "game:clothes-shoulder-marketeer"},
{type: "Item", code: "game:clothes-head-marketeer"}
        ]

    },
    {
        "code": "Alchemist",
        "traits":
        ["Alchemist","AlchemistStatic"],
        "gear":
        [
{type: "Item", code: "game:clothes-waist-alchemist"},
{type: "Item", code: "game:clothes-upperbody-alchemist" },
{type: "Item", code: "game:clothes-shoulder-alchemist" },
{type: "Item", code: "game:clothes-lowerbody-alchemist"},
{type: "Item", code: "game:clothes-head-alchemist" },
{type: "Item", code: "game:clothes-foot-alchemist"}

        ]

    },
    {
        "code": "Explorer",
        "traits":
        ["Explorer","ExplorerStatic"],
        "gear":
        [        
		{type: "Item", code: "game:clothes-foot-great-steppe-boots" },
		{type: "Item", code: "game:clothes-upperbody-great-steppe-shirt" },
		{type: "Item", code: "game:clothes-lowerbody-marketeer" },
		{type: "Item", code: "game:clothes-waist-messenger-belt" },
		{type: "Item", code: "game:clothes-emblem-messenger-pin" },
		{type: "Item", code: "game:clothes-hand-scribe" },
		{type: "Item", code: "game:clothes-upperbodyover-great-steppe-mantle" }

        ]
    },
	{
        "code": "Artisan",
        "traits":
        ["Artisan","ArtisanStatic"],
        "gear":
        [
		{type: "Item", code: "game:clothes-lowerbody-tattered-peasent-gown" },
		{type: "Item", code: "game:clothes-upperbody-peasent-shirt" },
		{type: "Item", code: "game:clothes-waist-peasant-strap" },
		{type: "Item", code: "game:clothes-shoulder-peasent-kaftan" },
		{type: "Item", code: "game:clothes-head-peasent-head-scarf" },
		{type: "Item", code: "game:clothes-foot-peasent-slippers" }

        ]
    },
	{
        "code": "Stoneworker",
        "traits":
        ["Stoneworker","StoneworkerStatic"],
        "gear":
        [
		{type: "Item", code: "game:clothes-face-miner"},
		{type: "Item", code: "game:clothes-foot-miner"},
		{type: "Item", code: "game:clothes-hand-miner"},
		{type: "Item", code: "game:clothes-lowerbody-miner"},
		{type: "Item", code: "game:clothes-shoulder-miner"},
		{type: "Item", code: "game:clothes-upperbody-miner"},
		{type: "Item", code: "game:clothes-upperbodyover-miner"},
		{type: "Item", code: "game:clothes-waist-miner"}

        ]

    },
	{
        "code": "Homesteader",
        "traits":
        ["Homesteader","HomesteaderStatic"],
        "gear":
        [
		{type: "Item", code: "game:clothes-lowerbody-pastoral-pants" },
		{type: "Item", code: "game:clothes-upperbody-pastoral-shirt" },
		{type: "Item", code: "game:clothes-waist-sturdy-leather-belt" },
		{type: "Item", code: "game:clothes-foot-worn-leather-boots"},
		{type: "Item", code: "game:clothes-lowerbody-pastoral-pants"},
		{type: "Item", code: "game:clothes-upperbody-pastoral-shirt" },
		{type: "Item", code: "game:clothes-shoulder-stained-leather-poncho" }

        ]

    },
	{
        "code": "Clothier",
        "traits":
        ["Clothier","ClothierStatic"],
        "gear":
        [
{type: "Item", code: "game:clothes-hand-tailor-gloves"},
{type: "Item", code: "game:clothes-upperbody-tailor-blouse"},
{type: "Item", code: "game:clothes-lowerbody-tailor-trousers"},
{type: "Item", code: "game:clothes-foot-tailor-shoes"},
{type: "Item", code: "game:clothes-face-tailor-mask"},
{type: "Item", code: "game:clothes-arm-tailor-needlepuff" },
{type: "Item", code: "game:clothes-upperbodyover-tailor-jacket"}
        ]

    },
	{
        "code": "Engineer",
        "traits":
        ["Engineer","EngineerStatic"],
        "gear":
        [
{type: "Item", code: "game:clothes-foot-scribe"},
{type: "Item", code: "game:clothes-hand-scribe"},
{type: "Item", code: "game:clothes-lowerbody-scribe"},
{type: "Item", code: "game:clothes-shoulder-scribe"},
{type: "Item", code: "game:clothes-upperbody-scribe" },
{type: "Item", code: "game:clothes-waist-scribe"}
        ]
    }
 
]