﻿{
  "chicken-rooster": 3,
  "chicken-hen": 2.5,
  "chicken-baby": 0.5,
  "sheep-bighorn-male": 6,
  "sheep-bighorn-female": 6,
  "sheep-bighorn-lamb": 3,
  "pig-wild-male": 4,
  "pig-wild-female": 4,
  "pig-wild-piglet": 2,
  "wolf-male": 10,
  "wolf-female": 10,
  "wolf-pup": 3,
  "hyena-male": 8,
  "hyena-female": 8,
  "hyena-pup": 3,
  "fox-male": 3,
  "fox-female": 3,
  "for-pup-forest": 2,
  "fox-arctic-male": 2,
  "fox-arctic-female": 2,
  "fox-pup-arctic": 2,
  "racoon-male": 3,
  "racoon-female": 3,
  "racoon-pup": 1,
  "hare-male-arctic": 2,
  "hare-male-ashgrey": 2,
  "hare-male-darkbrown": 2,
  "hare-male-dessert": 2,
  "hare-male-gold": 2,
  "hare-male-lightbrown": 2,
  "hare-male-lightgrey": 2,
  "hare-male-silver": 2,
  "hare-male-smokegrey": 2,

  "hare-female-arctic": 2,
  "hare-female-ashgrey": 2,
  "hare-female-darkbrown": 2,
  "hare-female-dessert": 2,
  "hare-female-gold": 2,
  "hare-female-lightbrown": 2,
  "hare-female-lightgrey": 2,
  "hare-female-silver": 2,
  "hare-female-smokegrey": 2,
  "hare-baby": 0.5,

  "drifter-normal": 4,
  "drifter-deep": 6,
  "drifter-tainted": 10,
  "drifter-corrupt": 13,
  "drifter-doble-headed": 22,
  "player": 0,
  "locust-bronze": 2.5,
  "locust-corrupt": 3.5,
  "locust-sawblade": 7,
  "bell-normal": 12,
  "bear-male-brown": 20,
  "bear-female-brown": 20,
  "bear-female-black": 20,
  "bear-male-black": 20,
  "bear-female-sun": 20,
  "bear-male-sun": 20,
  "bear-female-panda": 20,
  "bear-male-panda": 20,
  "bear-female-polar": 20,
  "bear-male-polar": 20,
  "gazelle-male": 5,
  "gazelle-female": 5,
  "gazelle-calf": 2,
  
  "bandit-axe": 8,
  "bandit-knife": 8,
  "bandit-spear": 8,
  "hound-feral": 4,
  "hound-hunting": 5,
  "looter": 2,
  "poacher-archer": 12,
  "poacher-spear": 12,
  "yeoman-archer": 25
}