[
	{
		ingredientPattern: "_ST	S_T	_ST",
		ingredients: {
			"S": { type: "item", code: "stick" },
			"T": { type: "item", code: "flaxtwine" }
		},
		width: 3,
		height: 3,
		output: { type: "item", code: "bow-simple", quantity: 1  }
	},
	{
		ingredientPattern: "_SR	S_R	_SR",
		requiresTrait: "Hunter",
		ingredients: {
			"S": { type: "item", code: "stick" },
			"R": { type: "item", code: "rope" }
		},
		width: 3,
		height: 3,
		output: { type: "item", code: "bow-crude", quantity: 1  }
	},
	{
		ingredientPattern: "_FT	BLT	_FT",
		recipeGroup: 1,
		ingredients: {
			"B": { type: "item", code: "bowstave-long-dry" },
			"T": { type: "item", code: "flaxtwine" },
			"L": { type: "item", code: "leather-plain" },
			"F": { type: "item", code: "fat" }
		},
		width: 3,
		height: 3,
		output: { type: "item", code: "bow-long", quantity: 1  }
	},
	{
		ingredientPattern: "_FT	BLT	_FT",
		recipeGroup: 1,
		ingredients: {
			"B": { type: "item", code: "bowstave-long-dry" },
			"T": { type: "item", code: "flaxtwine" },
			"L": { type: "item", code: "leather-plain" },
			"F": { type: "item", code: "resin" }
		},
		width: 3,
		height: 3,
		output: { type: "item", code: "bow-long", quantity: 1  }
	},
	{
		ingredientPattern: "_FT	BLT	_FT",
		recipeGroup: 1,
		ingredients: {
			"B": { type: "item", code: "bowstave-long-dry" },
			"T": { type: "item", code: "flaxtwine" },
			"L": { type: "item", code: "leather-plain" },
			"F": { type: "item", code: "beeswax" }
		},
		width: 3,
		height: 3,
		output: { type: "item", code: "bow-long", quantity: 1  }
	},
	{
		ingredientPattern: "_FT	BLT	_FT",
		recipeGroup: 2,
		ingredients: {
			"B": { type: "item", code: "bowstave-long-dry" },
			"T": { type: "item", code: "flaxtwine" },
			"L": { type: "item", code: "hide-pelt-*", allowedVariants: ["small", "medium"] },
			"F": { type: "item", code: "fat" }
		},
		width: 3,
		height: 3,
		output: { type: "item", code: "bow-long", quantity: 1  }
	},
	{
		ingredientPattern: "_FT	BLT	_FT",
		recipeGroup: 2,
		ingredients: {
			"B": { type: "item", code: "bowstave-long-dry" },
			"T": { type: "item", code: "flaxtwine" },
			"L": { type: "item", code: "hide-pelt-*", allowedVariants: ["small", "medium"] },
			"F": { type: "item", code: "resin" }
		},
		width: 3,
		height: 3,
		output: { type: "item", code: "bow-long", quantity: 1  }
	},
	{
		ingredientPattern: "_FT	BLT	_FT",
		recipeGroup: 2,
		ingredients: {
			"B": { type: "item", code: "bowstave-long-dry" },
			"T": { type: "item", code: "flaxtwine" },
			"L": { type: "item", code: "hide-pelt-*", allowedVariants: ["small", "medium"] },
			"F": { type: "item", code: "beeswax" }
		},
		width: 3,
		height: 3,
		output: { type: "item", code: "bow-long", quantity: 1  }
	},
	{
		ingredientPattern: "MFT	BLT	MFT",
		enabled: false,
		requiresTrait: "Hunter",
		ingredients: {
			"B": { type: "item", code: "bowstave-recurve-dry" },
			"T": { type: "item", code: "flaxtwine" },
			"L": { type: "item", code: "leather-plain" },
			"F": { type: "item", code: "bone" },
			"M": { type: "item", code: "bushmeat-raw" }
		},
		width: 3,
		height: 3,
		output: { type: "item", code: "bow-recurve", quantity: 1  }
	},
	
]