[
	{
		ingredientPattern: "S_	LC	LC",
		ingredients: {
			"S": { type: "item", code: "saw-*", isTool: true  },
			"L": { type: "block", code: "log-placed-*-ud", name: "wood", allowedVariants: ["oak", "maple", "walnut"] },
			"C": { type: "Item", code: "game:beeswax", quantity:1}
		},
		width: 2,
		height: 3,
		output: { type: "item", code: "bowstave-long-raw", quantity: 1  }
	},
	{
		ingredientPattern: "S_	LC	LC",
		ingredients: {
			"S": { type: "item", code: "saw-*", isTool: true  },
			"L": { type: "item", code: "bamboostakes" },
			"C": { type: "Item", code: "game:beeswax", quantity:1}
		},
		width: 2,
		height: 3,
		output: { type: "item", code: "bowstave-recurve-raw", quantity: 1  }
	},
	{
		ingredientPattern: "SBC",
		ingredients: {
			"S": { type: "item", code: "saw-*", isTool: true  },
			"B": { type: "item", code: "bowstave-long-raw" },
			"C": { type: "Item", code: "game:resin", quantity: 2}
		},
		width: 1,
		height: 3,
		output: { type: "item", code: "bowstave-recurve-raw", quantity: 1  }
	}
]