[
{
	ingredientPattern: "TB,SR",
	ingredients: {
		"T": { type: "item", code: "hammerhead-*", name: "metal", "allowedVariants": ["tinbronze", "bismuthbronze", "blackbronze", "silver", "gold", "iron", "meteoriciron", "steel"]  },
		"S": {type: "Item", code: "hammersringingfall:toolhaft-short-finished" },
      "B": { "type": "item", "code": "hammersringingfall:metalband-*"},
      "R": { "type": "item", "code": "hammersringingfall:rivet-*","quantity": 2}
	},
	width: 2,
	height: 2,
	output: { type: "item", code: "hammer-{metal}", quantity: 1  }
},
{
	ingredientPattern: "T	S",
	ingredients: {
		"T": { type: "item", code: "hammerhead-copper"},
		"S": {type: "Item", code: "hammersringingfall:toolhaft-short-finished" }
	},
	width: 1,	height: 2,
	output: { type: "item", code: "hammer-copper", quantity: 1  }
},
]