[
	{
		ingredientPattern: "T	S",
		ingredients: {
			"T": { "type": "item", "code": "knifeblade-*", "name": "material", "allowedVariants": ["chert", "granite", "andesite", "basalt", "obsidian", "flint", "peridotite"]},
			"S": { type: "item", code: "stick" }
		},
		width: 1,
		height: 2,
		output: { type: "item", code: "knife-generic-{material}", quantity: 1  }
	},
	{
		"ingredientPattern": "TB,SR",
		"ingredients": {
			"T": { "type": "item", "code": "knifeblade-*", "name": "metal", "allowedVariants": ["copper", "tinbronze", "bismuthbronze", "blackbronze", "silver", "gold", "iron", "meteoriciron", "steel"]},
			"S": { "type": "item", "code": "hammersringingfall:toolhaft-short-finished" },
			"B": { "type": "item", "code": "hammersringingfall:metalband-*"},
			"R": { "type": "item", "code": "hammersringingfall:rivet-*","quantity": 2}
		},
		"width": 2,
		"height": 2,
		"output": { "type": "item", "code": "knife-generic-{metal}"}
	},
	{
		ingredientPattern: "T	B",
		ingredients: {
			"T": { type: "item", code: "knifeblade-granite" },
			"B": { type: "item", code: "bone" }
		},
		width: 1,
		height: 2,
		output: { type: "item", code: "knife-generic-bonegranite", quantity: 1  }
	},
	{
		ingredientPattern: "T	B",
		ingredients: {
			"T": { type: "item", code: "knifeblade-andesite" },
			"B": { type: "item", code: "bone" }
		},
		width: 1,
		height: 2,
		output: { type: "item", code: "knife-generic-boneandesite", quantity: 1  }
	},
	{
		ingredientPattern: "T	B",
		ingredients: {
			"T": { type: "item", code: "knifeblade-obsidian" },
			"B": { type: "item", code: "bone" }
		},
		width: 1,
		height: 2,
		output: { type: "item", code: "knife-generic-boneobsidian", quantity: 1  }
	},
	{
		ingredientPattern: "T	B",
		ingredients: {
			"T": { type: "item", code: "knifeblade-peridotite" },
			"B": { type: "item", code: "bone" }
		},
		width: 1,
		height: 2,
		output: { type: "item", code: "knife-generic-boneperidotite", quantity: 1  }
	},
	{
		ingredientPattern: "T	B",
		ingredients: {
			"T": { type: "item", code: "knifeblade-chert" },
			"B": { type: "item", code: "bone" }
		},
		width: 1,
		height: 2,
		output: { type: "item", code: "knife-generic-bonechert", quantity: 1  }
	},
	{
		ingredientPattern: "T	B",
		ingredients: {
			"T": { type: "item", code: "knifeblade-flint" },
			"B": { type: "item", code: "bone" }
		},
		width: 1,
		height: 2,
		output: { type: "item", code: "knife-generic-boneflint", quantity: 1  }
	},
	{
		ingredientPattern: "T	B",
		ingredients: {
			"T": { type: "item", code: "knifeblade-basalt" },
			"B": { type: "item", code: "bone" }
		},
		width: 1,
		height: 2,
		output: { type: "item", code: "knife-generic-bonebasalt", quantity: 1  }
	}
]