[
{
	ingredientPattern: "TB,SR",
	ingredients: {
		"T": { type: "item", code: "pickaxehead-*", name: "metal", name: "metal", "allowedVariants": ["tinbronze", "bismuthbronze", "blackbronze", "silver", "gold", "iron", "meteoriciron", "steel"]    },
		"S": {type: "item", code: "hammersringingfall:toolhaft-medium-finished" },
      "B": { "type": "item", "code": "hammersringingfall:metalband-*"},
      "R": { "type": "item", "code": "hammersringingfall:rivet-*","quantity": 2}
	},
	width: 2,
	height: 2,
	output: { type: "item", code: "pickaxe-{metal}", quantity: 1  }
},
{
	"ingredientPattern": "T,S",
	"ingredients": {
		"T": { "type": "item", "code": "game:pickaxehead-copper"},
		"S": { "type": "item", "code": "hammersringingfall:toolhaft-medium-finished" }
	},
	"width": 1,
	"height": 2,
	"output": { "type": "item", "code": "game:pickaxe-copper", "quantity": 1  }
}
]
