[
{
	ingredientPattern: "RT,BS",
	ingredients: {
		"T": { "type": "item", "code": "game:prospectingpickhead-*", "name": "metal", "allowedVariants": ["copper", "tinbronze", "bismuthbronze", "blackbronze", "silver", "gold", "iron", "meteoriciron", "steel"]   },
		"S": { "type": "item", "code": "hammersringingfall:toolhaft-medium-finished" },
		"R": { "type": "item", "code": "hammersringingfall:rivet-*", "quantity":2},
		"B": { "type": "item", "code": "hammersringingfall:metalband-*"},
	},
	width: 2,
	height: 2,
	"output": { "type": "item", "code": "game:prospectingpick-{metal}"}
},

]
