[
{
	ingredientPattern: "TB,SR",
	ingredients: {
		"T": { type: "item", code: "shovelhead-*", name: "material", allowedVariants: ["copper", "tinbronze", "bismuthbronze", "blackbronze", "iron", "steel", "meteoriciron"]  },
		"S": {type: "Item", code: "hammersringingfall:toolhaft-long-finished" },
      "B": { "type": "item", "code": "hammersringingfall:metalband-*"},
      "R": { "type": "item", "code": "hammersringingfall:rivet-*","quantity": 2}
	},
	width: 2,	
	height: 2,
	output: { type: "item", code: "shovel-{material}", quantity: 1  }
},
{
	ingredientPattern: "T,S",
	ingredients: {
		"T": { type: "item", code: "shovelhead-*", name: "material", allowedVariants: ["granite", "andesite", "basalt", "obsidian", "peridotite", "chert", "flint"]  },
		"S": {type: "Item", code: "stick" },
	},
	width: 1,	
	height: 2,
	output: { type: "item", code: "shovel-{material}", quantity: 1  }
}
]