[
{
    "ingredientPattern": "KF",
	requiresTrait: "Alchemist",
    "ingredients": {
      "F": {
        "type": "block",
        "code": "game:flower-*-free",
        "name": "flower",
        "allowedVariants": [
          "catmint",
          "forgetmenot",
          "edelweiss",
          "heather",
          "horsetail",
          "orangemallow",
          "wilddaisy",
          "westerngorse",
          "cowparsley",
          "goldenpoppy",
          "lilyofthevalley",
          "lupine-blue",
          "lupine-orange",
          "lupine-purple",
          "lupine-red",
          "lupine-white",
          "woad",
          "cornflower"
        ],"quantity": 16
      },
      "K": { "type": "item", "code": "game:shears-*", "isTool": true }
    },
    "width": 2,
    "height": 1,
    "output": { "type": "item", "code": "alchemy:cuttings-{flower}-raw","quantity": 32 }
  },
  {
    "ingredientPattern": "KF",
	requiresTrait: "Alchemist",
    "ingredients": {
      "F": {
        "type": "block",
        "code": "game:flower-*-free",
        "name": "flower",
        "allowedVariants": [
          "goldenpoppy"
        ],"quantity": 16
      },
      "K": { "type": "item", "code": "game:shears-*", "isTool": true }
    },
    "width": 2,
    "height": 1,
    "output": { "type": "item", "code": "alchemy:cuttings-goldenpoppy-raw","quantity": 32 }
  },
  {
		ingredientPattern: "LLL	LLL	LCL",
		requiresTrait: "Alchemist",
		ingredients: {
			"L": { type: "item", code: "cattailtops", quantity: 3 },
			"C": { type: "item", code: "clay-*", quantity: 2 }
		},
		name: "skep",
		width: 3,
		height: 3,
		output: { type: "block", code: "skep-empty-east"  }
	},

	{
		ingredientPattern: "LLL	LLL	LCL",
		requiresTrait: "Alchemist",
		ingredients: {
			"L": { type: "item", code: "papyrustops", quantity: 3 },
			"C": { type: "item", code: "clay-*", quantity: 2 }
		},
		name: "skep",
		width: 3,
		height: 3,
		output: { type: "block", code: "skep-empty-east"  }
	},
	{
	ingredientPattern: "F,B,B",
	requiresTrait: "Alchemist",
	ingredients: {
		"B": { type: "item", code: "beeswax", quantity:4 },
		"F": {type: "Item", code: "game:flaxfibers", quantity:6 }
	},
	width: 1,
	height: 3,
	output: { type: "item", code: "candle", quantity:6 }
},
{
	ingredientPattern: "F,B,B",
	requiresTrait: "Alchemist",
	enabled: false,
	ingredients: {
		"B": { type: "item", code: "beeswax", quantity:4 },
		"F": {type: "Item", code: "hideandfabric:fibers-*", quantity:6 }
	},
	width: 1,
	height: 3,
	output: { type: "item", code: "candle", quantity:6 }
},
{
		ingredientPattern: "AC",
		requiresTrait: "Alchemist",
		ingredients: {
			"A": {type: "Item", code: "game:feather" },
			"C": {type: "Block", code: "alchemy:potionflask-normal-quartz", "returnedStack": { "type": "block", "code": "game:air" }},
			},				
			attributes: { 
				liquidContainerProps: { 
					requiresContent: { type: "item", code: "game:dye-black"},
					requiresLitres: 1
				}
			},
		width: 1,
		height: 2,
		output: {type: "Item", code: "game:inkandquill" }
	},
]