[
{
	ingredientPattern: "___,_B_,___",
	requiresTrait: "Engineer",
	ingredients: {
		"B": {type: "Item", code: "game:scrapweaponkit" }
	},
	width: 3,
	height: 3,
	shapeless: false,
	output: {type: "Item", code: "game:spear-scrap-scrap" }
},
{
	ingredientPattern: "B__,___,___",
	requiresTrait: "Engineer",
	ingredients: {
		"B": {type: "Item", code: "game:scrapweaponkit" }
	},
	width: 3,
	height: 3,
	shapeless: false,
	output: {type: "Item", code: "game:club-scrap-scrap"}
},
{
	ingredientPattern: "___,___,B__",
	requiresTrait: "Engineer",
	ingredients: {
		"B": {type: "Item", code: "game:scrapweaponkit" }
	},
	width: 3,
	height: 3,
	shapeless: false,
	output: {type: "Item", code: "game:club-scrapmace-scrap" }
},
{
	ingredientPattern: "__B,___,___",
	requiresTrait: "Engineer",
	ingredients: {
		"B": {type: "Item", code: "game:scrapweaponkit" }
	},
	width: 3,
	height: 3,
	shapeless: false,
	output: {type: "Item", code: "game:axe-scrap-scrap" }
},
{
	ingredientPattern: "___,___,__B",
	requiresTrait: "Engineer",
	ingredients: {
		"B": {type: "Item", code: "game:scrapweaponkit" }
	},
	width: 3,
	height: 3,
	shapeless: false,
	output: {type: "Item", code: "game:blade-scrap-scrap" }
},
{
		ingredientPattern: "H,S",
		requiresTrait: "Engineer",
		shapeless: true,
		ingredients: {
			"S": { type: "item", code: "shears-*", isTool: true, toolDurabilityCost: 1 },
			"H": { type: "item", code: "hide-scraped-small", quantity: 4 }
		},
		width: 1,
		height: 2,
		output: { type: "item", code: "paper-parchment", quantity:6 }
	},
	{
		ingredientPattern: "P,S",
		requiresTrait: "Engineer",
		recipeGroup: 1,
		shapeless: true,
		ingredients: {
			"P": { type: "item", code: "pulp-linen", quantity: 16 },
			"S": { type: "block", code: "sieve-*", quantity: 1 }
		},
		width: 1,
		height: 2,
		output: { type: "item", code: "paper-parchment", quantity:6 },
	},
{
		ingredientPattern: "H__,C__,SFR",
		requiresTrait: "Engineer",
		ingredients: {
			"H": { type: "item", code: "hammer-*", isTool: true, toolDurabilityCost: 30 },
			"C": { type: "item", code: "chisel-*", isTool: true, toolDurabilityCost: 20 },
			"S": { type: "block", code: "log-placed-*-ud", name: "wood" },
			"F": { type: "block", code: "woodenaxle-ud" },
			"R": { type: "item", code: "resin", quantity: 2 }
		},
		width: 3,
		height: 3,
		output: { type: "block", code: "brake-north", quantity: 1 }
	},
	
	{
		ingredientPattern: "H_P,CP_,PR_",
		requiresTrait: "Engineer",
		ingredients: {
			"H": { type: "item", code: "hammer-*", isTool: true, toolDurabilityCost: 20 },
			"C": { type: "item", code: "chisel-*", isTool: true, toolDurabilityCost: 5 },
			"P": { type: "item", code: "plank-*", name: "wood", quantity: 2 },
			"R": { type: "item", code: "resin", quantity:2 }
		},
		width: 3,
		height: 3,
		output: { type: "block", code: "helvehammerbase-north", quantity: 1 }
	},
	
	
	{
		ingredientPattern: "HCR,PAP,_F_",
		requiresTrait: "Engineer",
		ingredients: {
			"H": { type: "item", code: "hammer-*", isTool: true, toolDurabilityCost: 25 },
			"C": { type: "item", code: "chisel-*", isTool: true, toolDurabilityCost: 10 },
			"R": { type: "item", code: "resin", quantity: 2 },
			"P": { type: "item", code: "plank-*", name: "wood", quantity: 2 },
			"F": { type: "item", code: "fat" },
			"A": { type: "block", code: "woodenaxle-ud" }
		},
		width: 3,
		height: 3,
		output: { type: "block", code: "woodentoggle-ns", quantity: 1 }
	},

	{
		ingredientPattern: "SPS,PAP,SPS",
		requiresTrait: "Engineer",
		ingredients: {
			"P": { type: "item", code: "plank-*", name: "wood", quantity: 3 },
			"S": { type: "item", code: "largegearsection-wood" },
			"A": { type: "block", code: "woodenaxle-ud" }
		},
		width: 3,
		height: 3,
		output: { type: "block", code: "largegear3", quantity: 1 }
	},

	{
		ingredientPattern: "HCX,PRS,AAA",
		requiresTrait: "Engineer",
		ingredients: {
			"H": { type: "item", code: "hammer-*", isTool: true, toolDurabilityCost: 5 },
			"C": { type: "item", code: "chisel-*", isTool: true, toolDurabilityCost: 8 },
			"X": { type: "item", code: "saw-*", isTool: true, toolDurabilityCost: 20 },
			"P": { type: "item", code: "plank-*", name: "wood", quantity: 4 },
			"A": { type: "item", code: "plank-*", name: "wood", quantity: 2 },
			"S": { type: "item", code: "hammersringingfall:toolhaft-short-finished", quantity: 8 },
			"R": { type: "item", code: "resin", quantity: 4 }
		},
		width: 3,
		height: 3,
		output: { type: "item", code: "largegearsection-wood", quantity: 2 }
	},

	{
		ingredientPattern: "HCX,PAS,RF_",
		requiresTrait: "Engineer",
		ingredients: {
			"H": { type: "item", code: "hammer-*", isTool: true, toolDurabilityCost: 15 },
			"C": { type: "item", code: "chisel-*", isTool: true, toolDurabilityCost: 8 },
			"X": { type: "item", code: "saw-*", isTool: true, toolDurabilityCost: 12 },
			"P": { type: "item", code: "plank-*", quantity: 4 },
			"A": { type: "block", code: "log-placed-*-ud" },
			"S": { type: "item", code: "hammersringingfall:toolhaft-short-finished", quantity: 6 },
			"R": { type: "item", code: "resin", quantity: 2 },
			"F": { type: "item", code: "fat", quantity: 1 }
		},
		width: 3,
		height: 3,
		output: { type: "block", code: "clutch-north", quantity: 1 }
	},

	{
		ingredientPattern: "HCX,GPG,RF_",
		requiresTrait: "Engineer",
		ingredients: {
			"H": { type: "item", code: "hammer-*", isTool: true, toolDurabilityCost: 15 },
			"C": { type: "item", code: "chisel-*", isTool: true, toolDurabilityCost: 8 },
			"X": { type: "item", code: "saw-*", isTool: true, toolDurabilityCost: 12 },
			"G": { type: "block", code: "angledgears-s" },
			"P": { type: "item", code: "plank-*", name: "wood", quantity: 4 },
			"R": { type: "item", code: "resin", quantity: 2 },
			"F": { type: "item", code: "fat" }
		},
		width: 3,
		height: 3,
		output: { type: "block", code: "transmission-ns", quantity: 1 }
	},

	{
		ingredientPattern: "HS,X_,C_",
		requiresTrait: "Engineer",
		ingredients: {
			"H": { type: "item", code: "hammer-*", isTool: true, toolDurabilityCost: 10 },
			"S": { type: "item", code: "shears-*", isTool: true, toolDurabilityCost: 10 },
			"X": { type: "item", code: "metalplate-*" },
			"C": { type: "item", code: "chutesection-*" }
		},
		width: 2,
		height: 3,
		output: { type: "block", code: "archimedesscrew-straight", quantity: 1 }
	},

	{
		ingredientPattern: "H_,X_,CS",
		requiresTrait: "Engineer",
		ingredients: {
			"H": { type: "item", code: "hammer-*", isTool: true, toolDurabilityCost: 10 },
			"S": { type: "item", code: "shears-*", isTool: true, toolDurabilityCost: 10 },
			"X": { type: "item", code: "metalplate-*" },
			"C": { type: "item", code: "chutesection-*", quantity:2 }
		},
		width: 2,
		height: 3,
		output: { type: "block", code: "archimedesscrew-ported-north", quantity: 1 }
	},
	{
		ingredientPattern: "_H_,_C_,RSF",
		requiresTrait: "Engineer",
		ingredients: {
			"H": { type: "item", code: "hammer-*", isTool: true, toolDurabilityCost: 40 },
			"C": { type: "item", code: "chisel-*", isTool: true, toolDurabilityCost: 25 },
			"R": { type: "item", code: "resin", quantity:2 },
			"S": { type: "block", code: "log-placed-*-ud", name: "wood", quantity: 2 },
			"F": { type: "item", code: "fat", quantity:2 }
		},
		width: 3,
		height: 3,
		output: { type: "block", code: "windmillrotor-north", quantity: 2 }
	},
	
	{
		ingredientPattern: "H_,C_,SF",
		requiresTrait: "Engineer",
		ingredients: {
			"H": { type: "item", code: "hammer-*", isTool: true, toolDurabilityCost: 5 },
			"C": { type: "item", code: "chisel-*", isTool: true, toolDurabilityCost: 5 },
			"S": { type: "block", code: "log-placed-*-ud", name: "wood" },
			"F": { type: "item", code: "fat", quantity:2 }
		},
		width: 2,
		height: 3,
		output: { type: "block", code: "woodenaxle-ud", quantity: 2 }
	},
	
	{
		ingredientPattern: "HX_,PCP,RSF",
		requiresTrait: "Engineer",
		ingredients: {
			"X": { type: "item", code: "saw-*", isTool: true, toolDurabilityCost: 10 },
			"H": { type: "item", code: "hammer-*", isTool: true, toolDurabilityCost: 10 },
			"C": { type: "item", code: "chisel-*", isTool: true, toolDurabilityCost: 10 },
			"S": { type: "block", code: "log-placed-*-ud", name: "wood" },
			"R": { type: "item", code: "resin" },
			"P": {type: "Item", code: "hammersringingfall:toolhaft-short-finished", quantity: 2 },
			"F": { type: "item", code: "fat" }
		},
		width: 3,
		height: 3,
		output: { type: "block", code: "angledgears-s", quantity: 1 }
	},
	{	
		ingredientPattern: "BPB,PSP,BRB",
		requiresTrait: "Engineer",
		ingredients: {
			"S": { type: "item", code: "saw-*", isTool: true, toolDurabilityCost: 50 },
			"P": { type: "item", code: "plank-*", quantity: 12 },
			"B": {type: "Item", code: "hammersringingfall:metalband-*", quantity: 2 },
			"R": { type: "block", code: "rock-*", name: "rock", allowedVariants: ["andesite", "granite", "basalt", "peridotite"]  }
		},
		width: 3,
		height: 3,
		output: { type: "block", code: "pulverizerframe-north", quantity: 1 }
	},
	{
		ingredientPattern: "HPR,CA_",
		requiresTrait: "Engineer",
		ingredients: {
			"H": { type: "item", code: "hammer-*", isTool: true, toolDurabilityCost: 5 },
			"P": { type: "item", code: "metalplate-*", allowedVariants: ["tinbronze", "bismuthbronze", "iron", "meteoriciron", "steel"], quantity:1 },
			"C": { type: "item", code: "chisel-*", isTool: true, toolDurabilityCost: 10 },
			"R": {type: "Item", code: "hammersringingfall:rivet-*", quantity:2 },
			"A": { type: "block", code: "woodenaxle-ud" }
		},
		width: 3,
		height: 2,
		output: { type: "item", code: "pulverizertoggle-oak", quantity: 1 }
	},
	{
		ingredientPattern: "SL	SP	SM",
		requiresTrait: "Engineer",
		ingredients: {
			"L": { type: "item", code: "leather-plain", quantity: 1},
			"M": { type: "item", code: "leather-plain", quantity: 1 },
			"P": { type: "item", code: "paper-parchment", quantity: 16 },
			"S":{type: "Item", code: "medieval:stripsofleather", quantity:2}
		},
		width: 2,
		height: 3,
		name: "backpack",
		output: { type: "item", code: "book-normal-brickred"  }
	},
	{
		ingredientPattern: "SL	SP	SM",
		requiresTrait: "Engineer",
		ingredients: {
			"L": { type: "item", code: "leather-red", quantity: 1 },
			"M": { type: "item", code: "leather-red", quantity: 1 },
			"P": { type: "item", code: "paper-parchment", quantity: 16 },
			"S":{type: "Item", code: "medieval:stripsofleather", quantity:2}
		},
		width: 2,
		height: 3,
		name: "backpack",
		output: { type: "item", code: "book-normal-cherryred"  }
	},
	{
		ingredientPattern: "SL	SP	SM",
		requiresTrait: "Engineer",
		ingredients: {
			"L": { type: "item", code: "leather-yellow", quantity: 1 },
			"M": { type: "item", code: "leather-plain", quantity: 1 },
			"P": { type: "item", code: "paper-parchment", quantity: 16 },
			"S":{type: "Item", code: "medieval:stripsofleather", quantity:2}
		},
		width: 2,
		height: 3,
		name: "backpack",
		output: { type: "item", code: "book-normal-darkbeige"  }
	},
	{
		ingredientPattern: "SL	SP	SM",
		requiresTrait: "Engineer",
		ingredients: {
			"L": { type: "item", code: "leather-gray", quantity: 1 },
			"M": { type: "item", code: "leather-black", quantity: 1 },
			"P": { type: "item", code: "paper-parchment", quantity: 16 },
			"S":{type: "Item", code: "medieval:stripsofleather", quantity:2}
		},
		width: 2,
		height: 3,
		name: "backpack",
		output: { type: "item", code: "book-normal-darkgray"  }
	},
	{
		ingredientPattern: "SL	SP	SM",
		requiresTrait: "Engineer",
		ingredients: {
			"L": { type: "item", code: "leather-green", quantity: 1 },
			"M": { type: "item", code: "leather-black", quantity: 1 },
			"P": { type: "item", code: "paper-parchment", quantity: 16 },
			"S":{type: "Item", code: "medieval:stripsofleather", quantity:2}
		},
		width: 2,
		height: 3,
		name: "backpack",
		output: { type: "item", code: "book-normal-darkgreen"  }
	},
	{
		ingredientPattern: "SL	SP	SM",
		requiresTrait: "Engineer",
		ingredients: {
			"L": { type: "item", code: "leather-green", quantity: 1 },
			"M": { type: "item", code: "leather-gray", quantity: 1 },
			"P": { type: "item", code: "paper-parchment", quantity: 16 },
			"S":{type: "Item", code: "medieval:stripsofleather", quantity:2}
		},
		width: 2,
		height: 3,
		name: "backpack",
		output: { type: "item", code: "book-normal-darkolive"  }
	},
	{
		ingredientPattern: "SL	SP	SM",
		requiresTrait: "Engineer",
		ingredients: {
			"L": { type: "item", code: "leather-gray", quantity: 1 },
			"M": { type: "item", code: "leather-gray", quantity: 1 },
			"P": { type: "item", code: "paper-parchment", quantity: 16 },
			"S":{type: "Item", code: "medieval:stripsofleather", quantity:2}
		},
		width: 2,
		height: 3,
		name: "backpack",
		output: { type: "item", code: "book-normal-gray"  }
	},
	{
		ingredientPattern: "SL	SP	SM",
		requiresTrait: "Engineer",
		ingredients: {
			"L": { type: "item", code: "leather-yellow", quantity: 1 },
			"M": { type: "item", code: "leather-green", quantity: 1 },
			"P": { type: "item", code: "paper-parchment", quantity: 16 },
			"S":{type: "Item", code: "medieval:stripsofleather", quantity:2}
		},
		width: 2,
		height: 3,
		name: "backpack",
		output: { type: "item", code: "book-normal-olive"  }
	},
	{
		ingredientPattern: "SL	SP	SM",
		ingredients: {
			"L": { type: "item", code: "leather-orange", quantity: 1 },
			"M": { type: "item", code: "leather-orange", quantity: 1 },
			"P": { type: "item", code: "paper-parchment", quantity: 16 },
			"S":{type: "Item", code: "medieval:stripsofleather", quantity:2}
		},
		width: 2,
		height: 3,
		name: "backpack",
		output: { type: "item", code: "book-normal-orange"  }
	},
	{
		ingredientPattern: "SL	SP	SM",
		requiresTrait: "Engineer",
		ingredients: {
			"L": { type: "item", code: "leather-orange", quantity: 1 },
			"M": { type: "item", code: "leather-plain", quantity: 1 },
			"P": { type: "item", code: "paper-parchment", quantity: 16 },
			"S":{type: "Item", code: "medieval:stripsofleather", quantity:2}
		},
		width: 2,
		height: 3,
		name: "backpack",
		output: { type: "item", code: "book-normal-orangebrown"  }
	},
	{
		ingredientPattern: "SL	SP	SM",
		requiresTrait: "Engineer",
		ingredients: {
			"L": { type: "item", code: "leather-purple", quantity: 1 },
			"M": { type: "item", code: "leather-purple", quantity: 1 },
			"P": { type: "item", code: "paper-parchment", quantity: 16 },
			"S":{type: "Item", code: "medieval:stripsofleather", quantity:2}
		},
		width: 2,
		height: 3,
		name: "backpack",
		output: { type: "item", code: "book-normal-purple"  }
	},
	{
		ingredientPattern: "SL	SP	SM",
		requiresTrait: "Engineer",
		ingredients: {
			"L": { type: "item", code: "leather-orange", quantity: 1 },
			"M": { type: "item", code: "leather-purple", quantity: 1 },
			"P": { type: "item", code: "paper-parchment", quantity: 16 },
			"S":{type: "Item", code: "medieval:stripsofleather", quantity:2}
		},
		width: 2,
		height: 3,
		name: "backpack",
		output: { type: "item", code: "book-normal-purpleorange"  }
	},
	{
		ingredientPattern: "SL	SP	SM",
		requiresTrait: "Engineer",
		ingredients: {
			"L": { type: "item", code: "leather-blue", quantity: 1 },
			"M": { type: "item", code: "leather-green", quantity: 1},
			"P": { type: "item", code: "paper-parchment", quantity: 16 },
			"S":{type: "Item", code: "medieval:stripsofleather", quantity:2}
		},
		width: 2,
		height: 3,
		name: "backpack",
		output: { type: "item", code: "book-normal-teal"  }
	},
	{
	ingredientPattern: "SXC",
	requiresTrait: "Engineer",
	ingredients: {
		"S": { type: "item", code: "saltpeter", quantity: 32 },
		"X": { type: "item", code: "powderedsulfur", quantity: 16 },
		"C": { type: "item", code: "ore-bituminouscoal", quantity: 16 },
	},
	name: "blastingpowder",
	width: 3,
	height: 1,
	shapeless: true,
	output: { type: "item", code: "blastingpowder", quantity: 32  }
},

{
        "ingredientPattern": "OSH,ZP_,IC_",
        "width": 3,
        "height": 3,
        "ingredients": {
            "P": {
                "type": "item",
                "code": "game:plank-*",
                "quantity": 4
            },
            "S": {
                "type": "item",
                "code": "game:saw-*",
                "isTool": true,
                "toolDurabilityCost": 32
            },
            "H": {
                "type": "item",
                "code": "game:hammer-*",
                "isTool": true,
                "toolDurabilityCost": 8
            },
            "I": {
                "type": "item",
                "code": "game:metalplate-steel",
                "quantity": 1
            },
            "O": {
                "type": "item",
                "code": "game:metalplate-copper",
                "quantity": 1
            },
            "Z": {
                "type": "item",
                "code": "game:metalplate-zinc",
                "quantity": 1
            },
            "C": {
                "type": "block",
                "code": "electricity:cable-*",
                "quantity": 8
            }
        },
        "output": {
            "type": "block",
            "code": "electricity:accumulator",
            "quantity": 1
        }
    },
	
	{
    "ingredientPattern": "PS",
    "width": 2,
    "height": 1,
    "ingredients": {
        "P": {
            "type": "item",
            "code": "game:metalplate-copper"
        },
        "S": {
            "type": "item",
            "code": "game:saw-*",
            "isTool": true,
            "toolDurabilityCost": 16
        }
    },
    "output": {
        "type": "block",
        "code": "electricity:cable-dot",
        "quantity": 16
    }
},

{
    "ingredientPattern": "GS,MC",
    "width": 2,
    "height": 2,
    "ingredients": {
        "G": {
            "type": "block",
            "code": "game:forge"
        },
        "S": {
            "type": "item",
            "code": "game:saw-*",
            "isTool": true,
            "toolDurabilityCost": 16
        },
        "M": {
            "type": "item",
            "code": "game:metalplate-iron"
        },
        "C": {
            "type": "block",
            "code": "electricity:cable-*",
            "quantity": 16
        }
    },
    "output": {
        "type": "block",
        "code": "electricity:forge",
        "quantity": 1
    }
},

{
    "ingredientPattern": "M",
    "width": 1,
    "height": 1,
    "ingredients": {
        "M": {
            "type": "block",
            "code": "electricity:motor-stator"
        }
    },
    "output": {
        "type": "block",
        "code": "electricity:generator-stator"
    }
},


{
    "ingredientPattern": "MC",
    "width": 2,
    "height": 1,
    "ingredients": {
        "M": {
            "type": "item",
            "code": "game:metalplate-iron"
        },
        "C": {
            "type": "block",
            "code": "electricity:cable-*",
            "quantity": 16
        }
    },
    "output": {
        "type": "block",
        "code": "electricity:heater-disabled",
        "quantity": 4
    }
},

{
    "ingredientPattern": "GS,MC",
    "width": 2,
    "height": 2,
    "ingredients": {
        "G": {
            "type": "block",
            "code": "game:glass-*"
        },
        "S": {
            "type": "item",
            "code": "game:saw-*",
            "isTool": true,
            "toolDurabilityCost": 16
        },
        "M": {
            "type": "item",
            "code": "game:metalplate-iron"
        },
        "C": {
            "type": "block",
            "code": "electricity:cable-*",
            "quantity": 16
        }
    },
    "output": {
        "type": "block",
        "code": "electricity:lamp-disabled",
        "quantity": 4
    }
},
{
    "ingredientPattern": "MS",
    "width": 2,
    "height": 1,
    "ingredients": {
        "M": {
            "type": "block",
            "code": "electricity:lamp-*"
        },
        "S": {
            "type": "item",
            "code": "game:saw-*",
            "isTool": true,
            "toolDurabilityCost": 16
        }
    },
    "output": {
        "type": "block",
        "code": "electricity:lamp_small-disabled",
        "quantity": 4
    }
},
{
    "ingredientPattern": "GS,MC",
    "width": 2,
    "height": 2,
    "ingredients": {
        "G": {
            "type": "item",
            "code": "game:stick"
        },
        "S": {
            "type": "item",
            "code": "game:saw-*",
            "isTool": true,
            "toolDurabilityCost": 16
        },
        "M": {
            "type": "item",
            "code": "game:metalplate-iron"
        },
        "C": {
            "type": "block",
            "code": "electricity:cable-*",
            "quantity": 8
        }
    },
    "output": {
        "type": "block",
        "code": "electricity:switch-enabled",
        "quantity": 4
    }
}
]
