[
{
  "ingredientPattern": "K,H,S",
  requiresTrait: "Hunter",
  "enabled": true,
  "shapeless": true,
  "ingredients": {
    "K": { "type": "item", "code": "game:knife-*", "isTool": true },
	"S": { "type": "item", "code": "game:salt", "quantity": 8},
    "H": { "type": "item", "code": "game:redmeat-raw", "quantity": 32 }
  },
  "name": "jerky-redmeat",
  "width": 1,
  "height": 3,
  "output": {
    "type": "item",
    "code": "primitivesurvival:jerky-redmeat-raw",
    "quantity": 64
  }
},
{
  "ingredientPattern": "K,H,S",
  requiresTrait: "Hunter",
  "enabled": true,
  "shapeless": true,
  "ingredients": {
    "K": { "type": "item", "code": "game:knife-*", "isTool": true },
	"S": { "type": "item", "code": "game:salt", "quantity": 8},
    "H": { "type": "item", "code": "game:bushmeat-raw", "quantity": 32 }
  },
  "name": "jerky-bushmeat",
  "width": 1,
  "height": 3,
  "output": {
    "type": "item",
    "code": "primitivesurvival:jerky-bushmeat-raw",
    "quantity": 64
  }
},
{
  "ingredientPattern": "K,H,S",
  requiresTrait: "Hunter",
  "enabled": true,
  "shapeless": true,
    "ingredients": {
        "K": {
            "type": "item",
            "code": "game:knife-*",
            "isTool": true
        },
        "H": {
            "type": "item",
            "code": "primitivesurvival:fishfillet-raw",
            "quantity": 32
        },
        "S": {
            "type": "item",
            "code": "game:salt",
            "quantity": 8
        }
    },
  "name": "jerky-fish",
  "width": 1,
  "height": 3,
  "output": {
    "type": "item",
    "code": "primitivesurvival:jerky-fish-raw",
    "quantity": 64
  }
},

{
		ingredientPattern: "F,H",
		requiresTrait: "Hunter",
		ingredients: {
			"F": { type: "item", code: "fat", quantity: 1 },
			"H": { type: "item", code: "hide-raw-small", quantity: 4 },
		},
		shapeless: true,
		width: 1,
		height: 2,
		output: { type: "item", code: "hide-oiled-small", quantity: 4 }
	},
	{
		ingredientPattern: "F,H",
		requiresTrait: "Hunter",
		ingredients: {
			"F": { type: "item", code: "fat", quantity: 1 },
			"H": { type: "item", code: "hide-raw-medium", quantity: 2 },
		},
		shapeless: true,
		requiresTrait: "Hunter",
		width: 1,
		height: 2,
		output: { type: "item", code: "hide-oiled-medium", quantity: 2 }
	},
	{
		ingredientPattern: "F,H",
		requiresTrait: "Hunter",
		ingredients: {
			"F": { type: "item", code: "fat", quantity: 1 },
			"H": { type: "item", code: "hide-raw-large", quantity: 1 },
		},
		shapeless: true,
		width: 1,
		height: 2,
		output: { type: "item", code: "hide-oiled-large", quantity: 1 }
	},
	{
		ingredientPattern: "F,H",
		requiresTrait: "Hunter",
		ingredients: {
			"F": { type: "item", code: "fat", quantity: 2 },
			"H": { type: "item", code: "hide-raw-huge", quantity: 1 },
		},
		shapeless: true,
		width: 1,
		height: 2,
		output: { type: "item", code: "hide-oiled-huge" }
	},
	{
		ingredientPattern: "F,H",
		requiresTrait: "Hunter",
		ingredients: {
			"F": { type: "item", code: "beeswax", quantity: 1 },
			"H": { type: "item", code: "hide-raw-small", quantity: 4 },
		},
		shapeless: true,
		width: 1,
		height: 2,
		output: { type: "item", code: "hide-oiled-small", quantity: 4 }
	},
	{
		ingredientPattern: "F,H",
		requiresTrait: "Hunter",
		ingredients: {
			"F": { type: "item", code: "beeswax", quantity: 1 },
			"H": { type: "item", code: "hide-raw-medium", quantity: 2 },
		},
		shapeless: true,
		width: 1,
		height: 2,
		output: { type: "item", code: "hide-oiled-medium", quantity: 2 }
	},
	{
		ingredientPattern: "F,H",
		requiresTrait: "Hunter",
		ingredients: {
			"F": { type: "item", code: "beeswax", quantity: 1 },
			"H": { type: "item", code: "hide-raw-large", quantity: 1 },
		},
		shapeless: true,
		width: 1,
		height: 2,
		output: { type: "item", code: "hide-oiled-large", quantity: 1 }
	},
	{
		ingredientPattern: "F,H",
		requiresTrait: "Hunter",
		ingredients: {
			"F": { type: "item", code: "beeswax", quantity: 2 },
			"H": { type: "item", code: "hide-raw-huge", quantity: 1 },
		},
		shapeless: true,
		width: 1,
		height: 2,
		output: { type: "item", code: "hide-oiled-huge" }
	},
]