[
{
		ingredientPattern: "H	S",
		requiresTrait: "Stoneworker",
		ingredients: {
			"H": { type: "item", code: "hammer-*", isTool: true  },
			"S": { type: "item", code: "stone-*", allowedVariants: ["chalk", "marble", "limestone"], quantity:32}
		},
		width: 1,
		height: 2,
		output: { type: "item", code: "lime", quantity: 32  }
	},
{
		ingredientPattern: "H	S",
		requiresTrait: "Stoneworker",
		ingredients: {
			"H": { type: "item", code: "hammer-*", isTool: true  },
			"S": {type: "Item", code: "game:ore-poor-nativecopper-*", quantity:2 }
		},
		width: 1,
		height: 2,
		output: {type: "Item", code: "game:nugget-nativecopper", quantity: 7 }
	},
{
		ingredientPattern: "H	S",
		requiresTrait: "Stoneworker",
		ingredients: {
			"H": { type: "item", code: "hammer-*", isTool: true  },
			"S": {type: "Item", code: "game:ore-poor-gold-*", quantity:2 }
		},
		width: 1,
		height: 2,
		output: {type: "Item", code: "game:nugget-nativegold", quantity: 5 }
	},
{
		ingredientPattern: "H	S",
		requiresTrait: "Stoneworker",
		ingredients: {
			"H": { type: "item", code: "hammer-*", isTool: true  },
			"S": {type: "Item", code: "game:ore-poor-chromite-*", quantity:2 }
		},
		width: 1,
		height: 2,
		output: {type: "Item", code: "game:nugget-chromite", quantity: 7 }
	},
	{
		ingredientPattern: "H	S",
		requiresTrait: "Stoneworker",
		ingredients: {
			"H": { type: "item", code: "hammer-*", isTool: true  },
			"S": {type: "Item", code: "game:ore-poor-cassiterite-*", quantity:2 }
		},
		width: 1,
		height: 2,
		output: {type: "Item", code: "game:nugget-cassiterite", quantity: 3 }
	},
	{
		ingredientPattern: "H	S",
		requiresTrait: "Stoneworker",
		ingredients: {
			"H": { type: "item", code: "hammer-*", isTool: true  },
			"S": {type: "Item", code: "game:ore-poor-ilmenite-*", quantity:2 }
		},
		width: 1,
		height: 2,
		output: {type: "Item", code: "game:nugget-ilmenite", quantity: 7 }
	},
	{
		ingredientPattern: "H	S",
		requiresTrait: "Stoneworker",
		ingredients: {
			"H": { type: "item", code: "hammer-*", isTool: true  },
			"S": {type: "Item", code: "game:ore-poor-silver-*", quantity:2 }
		},
		width: 1,
		height: 2,
		output: {type: "Item", code: "game:nugget-nativesilver", quantity: 5 }
	},
	{
		ingredientPattern: "H	S",
		requiresTrait: "Stoneworker",
		ingredients: {
			"H": { type: "item", code: "hammer-*", isTool: true  },
			"S": {type: "Item", code: "game:ore-poor-bismuthinite-*", quantity:2 }
		},
		width: 1,
		height: 2,
		output: {type: "Item", code: "game:nugget-bismuthinite", quantity: 7 }
	},
	{
		ingredientPattern: "H	S",
		requiresTrait: "Stoneworker",
		ingredients: {
			"H": { type: "item", code: "hammer-*", isTool: true  },
			"S": {type: "Item", code: "game:ore-poor-sphalerite-*", quantity:2 }
		},
		width: 1,
		height: 2,
		output: {type: "Item", code: "game:nugget-sphalerite", quantity: 7 }
	},
	{
		ingredientPattern: "H	S",
		requiresTrait: "Stoneworker",
		ingredients: {
			"H": { type: "item", code: "hammer-*", isTool: true  },
			"S": {type: "Item", code: "game:ore-poor-galena-*", quantity:2 }
		},
		width: 1,
		height: 2,
		output: {type: "Item", code: "game:nugget-galena", quantity: 7 }
	},
	{
		ingredientPattern: "H	S",
		requiresTrait: "Stoneworker",
		ingredients: {
			"H": { type: "item", code: "hammer-*", isTool: true  },
			"S": {type: "Item", code: "game:ore-poor-malachite-*", quantity:2 }
		},
		width: 1,
		height: 2,
		output: {type: "Item", code: "game:nugget-malachite", quantity: 7 }
	},

	
	
	
	
	
	
	
	
	
	{
		ingredientPattern: "H	S",
		requiresTrait: "Stoneworker",
		ingredients: {
			"H": { type: "item", code: "hammer-*", isTool: true  },
			"S": {type: "Item", code: "game:ore-medium-nativecopper-*", quantity:2 }
		},
		width: 1,
		height: 2,
		output: {type: "Item", code: "game:nugget-nativecopper", quantity: 10 }
	},
{
		ingredientPattern: "H	S",
		requiresTrait: "Stoneworker",
		ingredients: {
			"H": { type: "item", code: "hammer-*", isTool: true  },
			"S": {type: "Item", code: "game:ore-medium-gold-*", quantity:2 }
		},
		width: 1,
		height: 2,
		output: {type: "Item", code: "game:nugget-nativegold", quantity: 8 }
	},
{
		ingredientPattern: "H	S",
		requiresTrait: "Stoneworker",
		ingredients: {
			"H": { type: "item", code: "hammer-*", isTool: true  },
			"S": {type: "Item", code: "game:ore-medium-chromite-*", quantity:2 }
		},
		width: 1,
		height: 2,
		output: {type: "Item", code: "game:nugget-chromite", quantity: 10 }
	},
	{
		ingredientPattern: "H	S",
		requiresTrait: "Stoneworker",
		ingredients: {
			"H": { type: "item", code: "hammer-*", isTool: true  },
			"S": {type: "Item", code: "game:ore-medium-cassiterite-*", quantity:2 }
		},
		width: 1,
		height: 2,
		output: {type: "Item", code: "game:nugget-cassiterite", quantity: 6 }
	},
	{
		ingredientPattern: "H	S",
		requiresTrait: "Stoneworker",
		ingredients: {
			"H": { type: "item", code: "hammer-*", isTool: true  },
			"S": {type: "Item", code: "game:ore-medium-ilmenite-*", quantity:2 }
		},
		width: 1,
		height: 2,
		output: {type: "Item", code: "game:nugget-ilmenite", quantity: 10 }
	},
	{
		ingredientPattern: "H	S",
		requiresTrait: "Stoneworker",
		ingredients: {
			"H": { type: "item", code: "hammer-*", isTool: true  },
			"S": {type: "Item", code: "game:ore-medium-silver-*", quantity:2 }
		},
		width: 1,
		height: 2,
		output: {type: "Item", code: "game:nugget-nativesilver", quantity: 8 }
	},
	{
		ingredientPattern: "H	S",
		requiresTrait: "Stoneworker",
		ingredients: {
			"H": { type: "item", code: "hammer-*", isTool: true  },
			"S": {type: "Item", code: "game:ore-medium-bismuthinite-*", quantity:2 }
		},
		width: 1,
		height: 2,
		output: {type: "Item", code: "game:nugget-bismuthinite", quantity: 10 }
	},
	{
		ingredientPattern: "H	S",
		requiresTrait: "Stoneworker",
		ingredients: {
			"H": { type: "item", code: "hammer-*", isTool: true  },
			"S": {type: "Item", code: "game:ore-medium-sphalerite-*", quantity:2 }
		},
		width: 1,
		height: 2,
		output: {type: "Item", code: "game:nugget-sphalerite", quantity: 10 }
	},
	{
		ingredientPattern: "H	S",
		requiresTrait: "Stoneworker",
		ingredients: {
			"H": { type: "item", code: "hammer-*", isTool: true  },
			"S": {type: "Item", code: "game:ore-medium-galena-*", quantity:2 }
		},
		width: 1,
		height: 2,
		output: {type: "Item", code: "game:nugget-galena", quantity: 10 }
	},
	{
		ingredientPattern: "H	S",
		requiresTrait: "Stoneworker",
		ingredients: {
			"H": { type: "item", code: "hammer-*", isTool: true  },
			"S": {type: "Item", code: "game:ore-medium-malachite-*", quantity:2 }
		},
		width: 1,
		height: 2,
		output: {type: "Item", code: "game:nugget-malachite", quantity: 10 }
	},

	
	{
	ingredientPattern: "L	S",
	requiresTrait: "Stoneworker",
	ingredients: {
		"L": { type: "item", code: "stone-*", name: "rock", quantity: 16 },
		"S": { type: "block", code: "soil-*", quantity:4 }
	},
	width: 1,
	height: 2,
	output: { type: "block", code: "stonepath-free", quantity: 16 }
	},
	{
	ingredientPattern: "_L_,LSL,_L_",
	requiresTrait: "Stoneworker",
	ingredients: {
		"L": { type: "item", code: "game:stone-*", name: "rock", quantity: 16 },
		"S": { type: "block", code: "game:soil-*", quantity:4 }
	},
	width: 3,
	height: 3,
	output: { type: "block", code: "medieval:stoneway", quantity: 16 }
	},
	{
	name: "bloomerybase",
	requiresTrait: "Stoneworker",
	ingredientPattern: "BBB	BBB	B_B",
	ingredients: {
		"B": { type: "item", code: "burnedbrick-fire", name: "type", quantity: 2 }
	},
	width: 3,
	height: 3,
	output: { type: "block", code: "bloomerybase-north" }
	},
	{
	ingredientPattern: "_B_	BBB",
	requiresTrait: "Stoneworker",
	ingredients: {
		"B": { type: "item", code: "burnedbrick-fire", name: "type", quantity:1}
	},
	width: 3,
	height: 2,
	output: { type: "block", code: "bloomerychimney" }
	},
	{
		ingredientPattern: "A,F",
		requiresTrait: "Stoneworker",
		ingredients: {
			"A": { type: "item", code: "game:chisel-*", isTool: true  },
			"F": { type: "block", code: "game:stonebricks-*", name: "rock", allowedVariants: ["andesite", "basalt", "bauxite", "chalk", "chert", "claystone", "conglomerate", "granite", "limestone", "peridotite", "phyllite", "sandstone", "shale", "slate"], quantity:8 }
		},
		width: 1,
		height: 2,
		output: { type: "block", code: "medieval:cobblestonebricks-{rock}", quantity: 12 }
	},
    {
		ingredientPattern: "A,F",
		requiresTrait: "Stoneworker",
		ingredients: {
			"A": { type: "item", code: "game:chisel-*", isTool: true  },
			"F": { type: "block", code: "cobblestonebricks-*", name: "rock", allowedVariants: ["andesite", "basalt", "bauxite", "chalk", "chert", "claystone", "conglomerate", "granite", "limestone", "peridotite", "phyllite", "sandstone", "shale", "slate"], quantity:8 }
		},
		width: 1,
		height: 2,
		output: { type: "block", code: "game:stonebricks-{rock}", quantity: 12}
	},
	{
		ingredientPattern: "LLL,LCL,LLL",
		requiresTrait: "Stoneworker",
		ingredients: {
			"L": { type: "item", code: "stone-*", name: "rock", allowedVariants: ["andesite", "chalk", "chert", "conglomerate", "limestone", "claystone", "granite", "sandstone", "shale", "basalt", "peridotite", "phyllite", "slate", "bauxite","greenmarble","redmarble","whitemarble"], quantity:2 },
			"C": { type: "item", code: "stonebrick-*", name: "rock", allowedVariants: ["andesite", "chalk", "chert", "conglomerate", "limestone", "claystone", "granite", "sandstone", "shale", "basalt", "peridotite", "phyllite", "slate", "bauxite","greenmarble","redmarble","whitemarble"] }
		},
		width: 3,
		height: 3,
		output: { type: "block", code: "drystone-{rock}", quantity: 4 }
	},
	{
	ingredientPattern: "P,S",
	requiresTrait: "Stoneworker",
	ingredients: {
		"S": { type: "item", code: "game:stonebricks-*", name: "rock", allowedVariants: ["andesite", "chalk", "chert", "conglomerate", "limestone", "claystone", "granite", "sandstone", "shale", "basalt", "peridotite", "phyllite", "slate", "bauxite"], quantity: 16 },
		"P": {type: "Block", code: "game:wildvine-section-north", quantity: 8 }
	},
	width: 1,
	height: 2,
	output: { type: "block", code: "mossystonebricks-{rock}", quantity: 16 }
	},
	{
	ingredientPattern: "P,L",
	requiresTrait: "Stoneworker",
	ingredients: {
		"L": { type: "block", code: "game:cobblestone-*", name: "rock", allowedVariants: ["andesite", "chalk", "chert", "conglomerate", "limestone", "claystone", "granite", "sandstone", "shale", "basalt", "peridotite", "phyllite", "slate", "bauxite", "kimberlite", "suevite", "whitemarble", "redmarble", "greenmarble"], quantity: 16 },
		"P": {type: "Block", code: "game:wildvine-section-north", quantity: 8 }
	},
	width: 1,
	height: 2,
	output: { type: "block", code: "medieval:mossycobblestone-{rock}", quantity: 16 }
	},
	{
		ingredientPattern: "__H,CH_,H__",
		requiresTrait: "Stoneworker",
		ingredients: {
			"C": { type: "item", code: "clay-blue", quantity: 4 },
			"H": { type: "item", code: "stone-slate", quantity: 12 }
		},
		width: 3,
		height: 3,
		output: { type: "block", code: "slantedroofing-slate-east-free", quantity: 12  }
	},
	{
		ingredientPattern: "CH_,H_H",
		requiresTrait: "Stoneworker",
		ingredients: {
			"C": { type: "item", code: "clay-blue", quantity: 4 },
			"H": { type: "item", code: "stone-slate", quantity: 12 }
		},
		width: 3,
		height: 2,
		output: { type: "block", code: "slantedroofingridge-slate-ns-free", quantity: 12  }
	},
	{
		ingredientPattern: "CH_,HHH",
		requiresTrait: "Stoneworker",
		ingredients: {
			"C": { type: "item", code: "clay-blue", quantity: 4 },
			"H": { type: "item", code: "stone-slate", quantity: 12 }
		},
		width: 3,
		height: 2,
		output: { type: "block", code: "slantedroofingtip-slate-free", quantity: 12  }
	},
	{
		ingredientPattern: "_H,HC,_H",
		requiresTrait: "Stoneworker",
		ingredients: {
			"C": { type: "item", code: "clay-blue", quantity: 4 },
			"H": { type: "item", code: "stone-slate", quantity: 12 }
		},
		width: 2,
		height: 3,
		output: { type: "block", code: "slantedroofingcornerinner-slate-east-free", quantity: 12  }
	},
	{
		ingredientPattern: "CH,HH",
		requiresTrait: "Stoneworker",
		ingredients: {
			"C": { type: "item", code: "clay-blue", quantity: 4},
			"H": { type: "item", code: "stone-slate", quantity: 12 }
		},
		width: 2,
		height: 2,
		output: { type: "block", code: "slantedroofingcornerouter-slate-east-free", quantity: 12  }
	},
	
	{
	ingredientPattern: "BCF",
	requiresTrait: "Stoneworker",
	ingredients: {
		"B": { type: "item", code: "blastingpowder", quantity: 32},
		"C": { type: "item", code: "flaxtwine", quantity: 6 },
		"F": { type: "block", code: "linen-*", quantity: 6 },
	},
	name: "oreblastingbomb",
	width: 3,
	height: 1,
	shapeless: true,
	output: { type: "block", code: "oreblastingbomb", quantity: 32  }
},
{
	ingredientPattern: "BCF",
	requiresTrait: "Stoneworker",
	enabled: false,
	ingredients: {
		"B": { type: "item", code: "blastingpowder", quantity: 32 },
    "C": { "type": "item", "code": "hideandfabric:twine-*", quantity: 6 } ,
    "F": { "type": "block", "code": "hideandfabric:fabric-*", quantity: 6 } 
	},
	name: "oreblastingbomb",
	width: 3,
	height: 1,
	shapeless: true,
	output: { type: "block", code: "oreblastingbomb", quantity: 32  }
},
{
	ingredientPattern: "H,C,S",
	requiresTrait: "Stoneworker",
	ingredients: {
		"H": { type: "item", code: "hammer-*", isTool: true },
		"C": { type: "item", code: "chisel-*", isTool: true },
		"S": { type: "block", code: "rock-*", name: "rock", allowedVariants: ["andesite", "chalk", "chert", "conglomerate", "limestone", "claystone", "granite", "sandstone", "shale", "basalt", "peridotite", "phyllite", "slate", "redmarble", "whitemarble", "greenmarble", "bauxite", "suevite", "kimberlite"], quantity:8 },
	},
	width: 1,
	height: 3,
	output: { type: "block", code: "rockpolished-{rock}", quantity: 8 }
}
]