[
{
    "ingredientPattern": "BCB,BPB,BNB",
	requiresTrait: "Woodworker",
    "ingredients": {        
	"P": {	"type": "item",	"code": "game:metalplate-copper"},
	"C": {	"type": "item",	"code": "game:candle","quantity": 2},
	"B": {	"type": "item",	"code": "game:plank-*",	"allowedVariants": [ "acacia", "aged", "birch", "kapok", "maple", "oak", "pine", "baldcypress", "larch", "redwood", "ebony", "walnut", "purpleheart" ], "name": "wood", "quantity": 2},
	"N": {	"type": "Item", "code": "hammersringingfall:rivet-copper", "quantity":4 }
    },
    "width": 3,
    "height": 3,
    "output": {"type": "block", "code": "primitivesurvival:woodlantern-{wood}-up", "attributes": { "material": "wood", "lining": "plain", "glass": "" },
	"quantity": 2},
    },

	{
		ingredientPattern: "__P,_PN,P__",
	requiresTrait: "Woodworker",
    "ingredients": {        
			"N": { "type": "item", "code": "hammersringingfall:nail-copper","quantity": 2},
			"P": { type: "item", code: "game:plank-*", name: "material", quantity: 4 }
		},
		width: 3,
		height: 3,
		output: { type: "block", code: "medieval:planksroofing-{material}-east-free", quantity: 6  }
	},
	{
		ingredientPattern: "_P_,PNP",
	requiresTrait: "Woodworker",
    "ingredients": {        
			"N": { "type": "item", "code": "hammersringingfall:nail-copper","quantity": 2},
			"P": { type: "item", code: "game:plank-*", name: "material", quantity: 4 }
		},
		width: 3,
		height: 2,
		output: { type: "block", code: "medieval:planksroofingridge-{material}-ns-free", quantity: 6  }
	},
	{
		ingredientPattern: "_PN,PPP",
	requiresTrait: "Woodworker",
    "ingredients": {        
			"N": { "type": "item", "code": "hammersringingfall:nail-copper","quantity": 2},
			"P": { type: "item", code: "game:plank-*", name: "material", quantity: 4 }
		},
		width: 3,
		height: 2,
		output: { type: "block", code: "medieval:planksroofingtip-{material}-free", quantity: 6  }
	},
	{
		ingredientPattern: "_P,P_,NP",
	requiresTrait: "Woodworker",
    "ingredients": {        
			"N": { "type": "item", "code": "hammersringingfall:nail-copper","quantity": 2},
			"P": { type: "item", code: "game:plank-*", name: "material", quantity: 4 }
		},
		width: 2,
		height: 3,
		output: { type: "block", code: "medieval:planksroofingcornerinner-{material}-east-free", quantity: 6  }
	},
	{
		ingredientPattern: "NP,PP",
	requiresTrait: "Woodworker",
    "ingredients": {        
			"N": { "type": "item", "code": "hammersringingfall:nail-copper","quantity": 2},
			"P": { type: "item", code: "game:plank-*", name: "material", quantity: 4 }
		},
		width: 2,
		height: 2,
		output: { type: "block", code: "medieval:planksroofingcornerouter-{material}-east-free", quantity:6  }
	},


	{
		ingredientPattern: "WNW,_W_,W__",
	requiresTrait: "Woodworker",
    "ingredients": {        
			"N": { "type": "item", "code": "hammersringingfall:nail-copper","quantity": 2},
			"A": { tyWe: "item", code: "game:axe-*", isTool: true  },
			"W": { type: "item", code: "game:plank-*", name: "material", quantity: 4 }
		},
		width: 3,
		height: 3,
	shapeless: false,
		output: { type: "block", code: "medieval:smallplanksroofing-{material}-east-free", quantity: 6  }
	},
	{
		ingredientPattern: "WW_,WNW,___",
	requiresTrait: "Woodworker",
    "ingredients": {        
			"N": { "type": "item", "code": "hammersringingfall:nail-copper","quantity": 2},
			"A": { type: "item", code: "game:axe-*", isTool: true  },
			"W": { type: "item", code: "game:plank-*", name: "material", quantity: 4 }
		},
		width: 3,
		height: 3,
	shapeless: false,
		output: { type: "block", code: "medieval:smallplanksroofingridge-{material}-ns-free", quantity: 6  }
	},
	{
		ingredientPattern: "WWN,WWW,___",
	requiresTrait: "Woodworker",
    "ingredients": {        
			"N": { "type": "item", "code": "hammersringingfall:nail-copper","quantity": 2},
			"A": { type: "item", code: "game:axe-*", isTool: true  },
			"W": { type: "item", code: "game:plank-*", name: "material", quantity: 4 }
		},
		width: 3,
		height: 3,
	shapeless: false,
		output: { type: "block", code: "medieval:smallplanksroofingtip-{material}-free", quantity: 6  }
	},
	{
		ingredientPattern: "WW_,W__,NW_",
	requiresTrait: "Woodworker",
    "ingredients": {        
			"N": { "type": "item", "code": "hammersringingfall:nail-copper","quantity": 2},
			"A": { type: "item", code: "game:axe-*", isTool: true  },
			"W": { type: "item", code: "game:plank-*", name: "material", quantity: 4 }
		},
		width: 3,
		height: 3,
	shapeless: false,
		output: { type: "block", code: "medieval:smallplanksroofingcornerinner-{material}-east-free", quantity: 6  }
	},
	{
		ingredientPattern: "_WW,WWN,___",
	requiresTrait: "Woodworker",
    "ingredients": {        
			"N": { "type": "item", "code": "hammersringingfall:nail-copper","quantity": 2},
			"A": { type: "item", code: "game:axe-*", isTool: true  },
			"W": { type: "item", code: "game:plank-*", name: "material", quantity: 4 }
		},
		width: 3,
		height: 3,
	shapeless: false,
		output: { type: "block", code: "medieval:smallplanksroofingcornerouter-{material}-east-free", quantity: 6  }
	},
	
	{
		ingredientPattern: "__P,_PN,P__",
	requiresTrait: "Woodworker",
    "ingredients": {        
			"N": { "type": "item", "code": "hammersringingfall:nail-copper","quantity": 2},
			"P": { type: "item", code: "game:plank-*", name: "material", quantity: 4 }
		},
		width: 3,
		height: 3,
		output: { type: "block", code: "medieval:planksroofing-{material}-east-free", quantity: 6  }
	},
	{
		ingredientPattern: "_P_,PNP",
	requiresTrait: "Woodworker",
    "ingredients": {        
			"N": { "type": "item", "code": "hammersringingfall:nail-copper","quantity": 2},
			"P": { type: "item", code: "game:plank-*", name: "material", quantity: 4 }
		},
		width: 3,
		height: 2,
		output: { type: "block", code: "medieval:planksroofingridge-{material}-ns-free", quantity: 6  }
	},
	{
		ingredientPattern: "_PN,PPP",
	requiresTrait: "Woodworker",
    "ingredients": {        
			"N": { "type": "item", "code": "hammersringingfall:nail-copper","quantity": 2},
			"P": { type: "item", code: "game:plank-*", name: "material", quantity: 4 }
		},
		width: 3,
		height: 2,
		output: { type: "block", code: "medieval:planksroofingtip-{material}-free", quantity: 6  }
	},
	{
		ingredientPattern: "_P,P_,NP",
	requiresTrait: "Woodworker",
    "ingredients": {        
			"N": { "type": "item", "code": "hammersringingfall:nail-copper","quantity": 2},
			"P": { type: "item", code: "game:plank-*", name: "material", quantity: 4 }
		},
		width: 2,
		height: 3,
		output: { type: "block", code: "medieval:planksroofingcornerinner-{material}-east-free", quantity: 6  }
	},
	{
		ingredientPattern: "NP,PP",
	requiresTrait: "Woodworker",
    "ingredients": {        
			"N": { "type": "item", "code": "hammersringingfall:nail-copper","quantity": 2},
			"P": { type: "item", code: "game:plank-*", name: "material", quantity: 4 }
		},
		width: 2,
		height: 2,
		output: { type: "block", code: "medieval:planksroofingcornerouter-{material}-east-free", quantity:6  }
	},


	{
		ingredientPattern: "WNW,_W_,W__",
	requiresTrait: "Woodworker",
    "ingredients": {        
			"N": { "type": "item", "code": "hammersringingfall:nail-iron","quantity": 2},
			"A": { tyWe: "item", code: "game:axe-*", isTool: true  },
			"W": { type: "item", code: "game:plank-*", name: "material", quantity: 4 }
		},
		width: 3,
		height: 3,
	shapeless: false,
		output: { type: "block", code: "medieval:smallplanksroofing-{material}-east-free", quantity: 10  }
	},
	{
		ingredientPattern: "WW_,WNW,___",
	requiresTrait: "Woodworker",
    "ingredients": {        
			"N": { "type": "item", "code": "hammersringingfall:nail-iron","quantity": 2},
			"A": { type: "item", code: "game:axe-*", isTool: true  },
			"W": { type: "item", code: "game:plank-*", name: "material", quantity: 4 }
		},
		width: 3,
		height: 3,
	shapeless: false,
		output: { type: "block", code: "medieval:smallplanksroofingridge-{material}-ns-free", quantity: 10  }
	},
	{
		ingredientPattern: "WWN,WWW,___",
	requiresTrait: "Woodworker",
    "ingredients": {        
			"N": { "type": "item", "code": "hammersringingfall:nail-iron","quantity": 2},
			"A": { type: "item", code: "game:axe-*", isTool: true  },
			"W": { type: "item", code: "game:plank-*", name: "material", quantity: 4 }
		},
		width: 3,
		height: 3,
	shapeless: false,
		output: { type: "block", code: "medieval:smallplanksroofingtip-{material}-free", quantity: 10  }
	},
	{
		ingredientPattern: "WW_,W__,NW_",
	requiresTrait: "Woodworker",
    "ingredients": {        
			"N": { "type": "item", "code": "hammersringingfall:nail-iron","quantity": 2},
			"A": { type: "item", code: "game:axe-*", isTool: true  },
			"W": { type: "item", code: "game:plank-*", name: "material", quantity: 4 }
		},
		width: 3,
		height: 3,
	shapeless: false,
		output: { type: "block", code: "medieval:smallplanksroofingcornerinner-{material}-east-free", quantity: 10  }
	},
	{
		ingredientPattern: "_WW,WWN,___",
	requiresTrait: "Woodworker",
    "ingredients": {        
			"N": { "type": "item", "code": "hammersringingfall:nail-iron","quantity": 2},
			"A": { type: "item", code: "game:axe-*", isTool: true  },
			"W": { type: "item", code: "game:plank-*", name: "material", quantity: 4 }
		},
		width: 3,
		height: 3,
	shapeless: false,
		output: { type: "block", code: "medieval:smallplanksroofingcornerouter-{material}-east-free", quantity: 10  }
	},
	
	{
    "ingredientPattern": "HWW,NSS",
	requiresTrait: "Woodworker",
    "ingredients": {        
		"N": { "type": "item", "code": "hammersringingfall:nail-copper","quantity": 8},
      "H": { "type": "item", "code": "game:hammer-*", "isTool": true  },
      "W": { "type": "item", "code": "game:plank-*", "name": "wood", "allowedVariants": [ "acacia", "aged", "baldcypress", "birch", "ebony", "kapok", "larch", "maple", "pine", "purpleheart", "redwood", "walnut" ],"quantity": 4 },
      "S": { "type": "item", "code": "game:stick","quantity": 4 }
    },
    "width": 3,
    "height": 2,
    "output": { "type": "block", "code": "medieval:sup-{wood}-south", "quantity": 3 }
  },
  
  {
    "ingredientPattern": "HWW,NSS",
	requiresTrait: "Woodworker",
    "ingredients": {        
		"N": { "type": "item", "code": "hammersringingfall:nail-iron","quantity": 8},
      "H": { "type": "item", "code": "game:hammer-*", "isTool": true  },
      "W": { "type": "item", "code": "game:plank-*", "name": "wood", "allowedVariants": [ "acacia", "aged", "baldcypress", "birch", "ebony", "kapok", "larch", "maple", "pine", "purpleheart", "redwood", "walnut" ],"quantity": 8 },
      "S": { "type": "item", "code": "game:stick","quantity": 4 }
    },
    "width": 3,
    "height": 2,
    "output": { "type": "block", "code": "medieval:sup-{wood}-south", "quantity": 6 }
  },
  
  {
		ingredientPattern: "L__	HHH	WNW",
requiresTrait: "Woodworker",
    "ingredients": {                
			"L": { type: "block", code: "linen-*", quantity: 3 },
			"H": { type: "block", code: "hay-normal-ud", quantity: 4 },
			"W": { type: "item", code: "game:plank-*", quantity: 8 },
		"N": {type: "Item", code: "hammersringingfall:nail-*", quantity:10 }
		},
		width: 3,
		height: 3,
		output: { type: "block", code: "bed-wood-head-north" }
	},
	{
		ingredientPattern: "HHH",
requiresTrait: "Woodworker",
    "ingredients": {                
			"H": { type: "block", code: "hay-normal-ud", quantity: 4 }
		},
		width: 3,
		height: 1,
		output: { type: "block", code: "bed-hay-head-north" }
	},
	{
		ingredientPattern: "HK",
requiresTrait: "Woodworker",
    "ingredients": {                
			"H": { type: "block", code: "bed-hay-head-north" },
			"K": { type: "item", code: "knife-*", isTool: true, toolDurabilityCost: 3 },
		},
		width: 2,
		height: 1,
		recipeGroup: 1,
		shapeless: true,
		output: { type: "item", code: "drygrass", quantity: 18 }
	},
	
	
	{
    "ingredientPattern": "L__,HHH,WNW",
	requiresTrait: "Woodworker",
	enabled: false,
    "ingredients": {        
      "L": { "type": "block", "code": "hideandfabric:fabric-*-normal-down", quantity: 3 },
      "H": { "type": "block", "code": "game:hay-normal-*", quantity: 4 },
      "W": { "type": "item", "code": "game:plank-*", "quantity": 8 },
		"N": {type: "Item", code: "hammersringingfall:nail-*", quantity:10 }
    },
    "width": 3,
    "height": 3,
    "output": { "type": "block", "code": "game:bed-wood-head-north" }
	},
	
	
	{
		ingredientPattern: "LFF,PNP",
requiresTrait: "Woodworker",
    "ingredients": {                
			"P": { type: "item", code: "game:plank-*", quantity: 8 },
			"N": { "type": "item", "code": "hammersringingfall:nail-copper","quantity": 8},
			"L": { type: "item", code: "game:cloth-black", quantity: 3 },
			"F": {type: "item", code: "game:feather", quantity:8}
		},
		width: 3,
		height: 2,
		output: { type: "block", code: "medieval:medievalbed-black-head-north" }
	},

	{
		ingredientPattern: "LFF,PNP",
requiresTrait: "Woodworker",
    "ingredients": {                
			"P": { type: "item", code: "game:plank-*", quantity: 8 },
			"N": { "type": "item", "code": "hammersringingfall:nail-copper","quantity": 8},
			"L": { type: "item", code: "game:cloth-blue", quantity: 3 },
			"F": {type: "item", code: "game:feather", quantity:8}
		},
		width: 3,
		height: 2,
		output: { type: "block", code: "medieval:medievalbed-blue-head-north" }
	},

	{
		ingredientPattern: "LFF,PNP",
requiresTrait: "Woodworker",
    "ingredients": {                
			"P": { type: "item", code: "game:plank-aged", quantity: 8 },
			"N": { "type": "item", "code": "hammersringingfall:nail-copper","quantity": 8},
			"L": { type: "item", code: "game:cloth-brown", quantity: 3 },
			"F": {type: "item", code: "game:feather", quantity:8}
		},
		width: 3,
		height: 2,
		output: { type: "block", code: "medieval:medievalbed-brown-head-north" }
	},

	{
		ingredientPattern: "LFF,PNP",
requiresTrait: "Woodworker",
    "ingredients": {                
			"P": { type: "item", code: "game:plank-*", quantity: 8 },
			"N": { "type": "item", "code": "hammersringingfall:nail-copper","quantity": 8},
			"L": { type: "item", code: "game:cloth-gray", quantity: 3 },
			"F": {type: "item", code: "game:feather", quantity:8}
		},
		width: 3,
		height: 2,
		output: { type: "block", code: "medieval:medievalbed-gray-head-north" }
	},

	{
		ingredientPattern: "LFF,PNP",
requiresTrait: "Woodworker",
    "ingredients": {                
			"P": { type: "item", code: "game:plank-*", quantity: 8 },
			"N": { "type": "item", "code": "hammersringingfall:nail-copper","quantity": 8},
			"L": { type: "item", code: "game:cloth-green", quantity: 3 },
			"F": {type: "item", code: "game:feather", quantity:8}
		},
		width: 3,
		height: 2,
		output: { type: "block", code: "medieval:medievalbed-green-head-north" }
	},

	{
		ingredientPattern: "LFF,PNP",
requiresTrait: "Woodworker",
    "ingredients": {                
			"P": { type: "item", code: "game:plank-*", quantity: 8 },
			"N": { "type": "item", "code": "hammersringingfall:nail-copper","quantity": 8},
			"L": { type: "item", code: "game:cloth-orange", quantity: 3 },
			"F": {type: "item", code: "game:feather", quantity:8}
		},
		width: 3,
		height: 2,
		output: { type: "block", code: "medieval:medievalbed-orange-head-north" }
	},

	{
		ingredientPattern: "LFF,PNP",
requiresTrait: "Woodworker",
    "ingredients": {                
			"P": { type: "item", code: "game:plank-*", quantity: 8 },
			"N": { "type": "item", "code": "hammersringingfall:nail-copper","quantity": 8},
			"L": { type: "item", code: "game:cloth-pink", quantity: 3 },
			"F": {type: "item", code: "game:feather", quantity:8}
		},
		width: 3,
		height: 2,
		output: { type: "block", code: "medieval:medievalbed-pink-head-north" }
	},

	{
		ingredientPattern: "LFF,PNP",
requiresTrait: "Woodworker",
    "ingredients": {                
			"P": { type: "item", code: "game:plank-*", quantity: 8 },
			"N": { "type": "item", "code": "hammersringingfall:nail-copper","quantity": 8},
			"L": { type: "item", code: "game:cloth-purple", quantity: 3 },
			"F": {type: "item", code: "game:feather", quantity:8}
		},
		width: 3,
		height: 2,
		output: { type: "block", code: "medieval:medievalbed-purple-head-north" }
	},

	{
		ingredientPattern: "LFF,PNP",
requiresTrait: "Woodworker",
    "ingredients": {                
			"P": { type: "item", code: "game:plank-*", quantity: 8 },
			"N": { "type": "item", "code": "hammersringingfall:nail-copper","quantity": 8},
			"L": { type: "item", code: "game:cloth-red", quantity: 3 },
			"F": {type: "item", code: "game:feather", quantity:8}
		},
		width: 3,
		height: 2,
		output: { type: "block", code: "medieval:medievalbed-red-head-north" }
	},

	{
		ingredientPattern: "LFF,PNP",
requiresTrait: "Woodworker",
    "ingredients": {                
			"P": { type: "item", code: "game:plank-*", quantity: 8 },
			"N": { "type": "item", "code": "hammersringingfall:nail-copper","quantity": 8},
			"L": { type: "item", code: "game:cloth-white", quantity: 3 },
			"F": {type: "item", code: "game:feather", quantity:8}
		},
		width: 3,
		height: 2,
		output: { type: "block", code: "medieval:medievalbed-white-head-north" }
	},

	{
		ingredientPattern: "LFF,PNP",
requiresTrait: "Woodworker",
    "ingredients": {                
			"P": { type: "item", code: "game:plank-*", quantity: 8 },
			"N": { "type": "item", "code": "hammersringingfall:nail-copper","quantity": 8},
			"L": { type: "item", code: "game:cloth-yellow", quantity: 3 },
			"F": {type: "item", code: "game:feather", quantity:8}
		},
		width: 3,
		height: 2,
		output: { type: "block", code: "medieval:medievalbed-yellow-head-north" }
	},
	
	
	{
		ingredientPattern: "WWN,WHW",
requiresTrait: "Woodworker",
    "ingredients": {                
			"H": { type: "item", code: "game:hammer-*", isTool: true  },
    		"W": { type: "item", code: "game:plank-*", "name": "wood", "allowedVariants": [ "acacia", "aged", "baldcypress", "birch", "ebony", "kapok", "larch", "maple", "pine", "purpleheart", "redwood", "walnut" ], quantity: 1 },
			"N": {type: "Item", code: "hammersringingfall:nail-iron", quantity: 4 }
		},
		width: 3,
		height: 2,
		output: { type: "block", code: "medieval:littlebench-{wood}-north" }
	},
	{
		ingredientPattern: "WWW,WHW,__N",
requiresTrait: "Woodworker",
    "ingredients": {                
			"H": { type: "item", code: "game:hammer-*", isTool: true  },
    		"N": {type: "Item", code: "hammersringingfall:nail-iron", quantity: 10 },
			"W": { type: "item", code: "game:plank-*", "name": "wood", "allowedVariants": [ "acacia", "aged", "baldcypress", "birch", "ebony", "kapok", "larch", "maple", "pine", "purpleheart", "redwood", "walnut" ], quantity: 2 },
		},
		width: 3,
		height: 3,
		output: { type: "block", code: "medieval:largebench-{wood}-north" }
	},
	
	{
		ingredientPattern: "WWN,WHW",
requiresTrait: "Woodworker",
    "ingredients": {                
			"H": { type: "item", code: "game:hammer-*", isTool: true  },
    		"W": { type: "item", code: "game:plank-*", "name": "wood", "allowedVariants": [ "acacia", "aged", "baldcypress", "birch", "ebony", "kapok", "larch", "maple", "pine", "purpleheart", "redwood", "walnut" ], quantity: 1 },
			"N": {type: "Item", code: "hammersringingfall:nail-copper", quantity: 8 }
		},
		width: 3,
		height: 2,
		output: { type: "block", code: "medieval:littlebench-{wood}-north" }
	},
	{
		ingredientPattern: "WWW,WHW,__N",
requiresTrait: "Woodworker",
    "ingredients": {                
			"H": { type: "item", code: "game:hammer-*", isTool: true  },
    		"N": {type: "Item", code: "hammersringingfall:nail-copper", quantity: 20 },
			"W": { type: "item", code: "game:plank-*", "name": "wood", "allowedVariants": [ "acacia", "aged", "baldcypress", "birch", "ebony", "kapok", "larch", "maple", "pine", "purpleheart", "redwood", "walnut" ], quantity: 2 },
		},
		width: 3,
		height: 3,
		output: { type: "block", code: "medieval:largebench-{wood}-north" }
	},
	{
	ingredientPattern: "SPS,NPN,SPS",
	requiresTrait: "Woodworker",
    "ingredients": {        
		"S": { type: "item", code: "stick", quantity: 2 },
		"P": { type: "item", code: "game:plank-*", quantity: 3 },
		"N": {type: "Item", code: "hammersringingfall:metalband-*", quantity:1 }		
	},
	width: 3,
	height: 3,
	output: { type: "block", code: "barrel", quantity:2 }
},
{
  "ingredientPattern": "SPS,BPB,SPS",
	requiresTrait: "Woodworker",
    "ingredients": {        
    "S": { "type": "item", "code": "game:stick" },
    "P": { "type": "item", "code": "game:plank-*", "name": "wood", "allowedVariants": [ "acacia", "aged", "baldcypress", "birch", "ebony", "kapok","larch", "maple", "pine", "purpleheart", "redwood", "walnut" ], quantity:3},
	"B": {type: "Item", code: "hammersringingfall:metalband-*", quantity:1 }
  },
  "width": 3,
  "height": 3,
  "output": { "type": "block", "code": "medieval:medievalbarrel-{wood}", quantity:2 }
},
{
		ingredientPattern: "PSN,SP_",
requiresTrait: "Woodworker",
    "ingredients": {                
				"P": { type: "item", code: "game:plank-*", quantity: 8},
				"S": { type: "item", code: "game:stick", quantity: 12},
				"N": { "type": "item", "code": "hammersringingfall:nail-*","quantity": 8}
		},
		width: 3,
		height: 2,
		
		output: { type: "block", code: "medieval:cajitafloor-none-north", quantity: 4  }
	},
	{
	ingredientPattern: "RWW,WNW,RWW",
	requiresTrait: "Woodworker",
    "ingredients": {        
		"W": { type: "item", code: "game:plank-*", quantity:6 },
		"R": {type: "Item", code: "hammersringingfall:hinge-iron", quantity:1 },
		"N": {type: "Item", code: "hammersringingfall:nail-iron", quantity:8 }
	},
	width: 3,
	height: 3,
	output: { type: "block", code: "chest-east", attributes: { type: "normal-generic" }, quantity:2  }
},


	{
		name: "Solid door",
		ingredientPattern: "WWB,WW_,WWB",
requiresTrait: "Woodworker",
    "ingredients": {                
			"W": { type: "item", code: "game:plank-*", name: "wood" , quantity: 1},
			"B": { type: "Item", code: "hammersringingfall:hinge-*", quantity:1 }
		},
		width: 3,
		height: 3,
		output: { type: "block", code: "door-solid-{wood}"  }
	},
	{
		name: "1x3 gate",
		ingredientPattern: "BWW,_WW,BWW",
requiresTrait: "Woodworker",
    "ingredients": {                
			"W": { type: "item", code: "game:plank-*", name: "wood" , quantity: 2},
			"B": { type: "Item", code: "hammersringingfall:hinge-*", quantity:1 }
		},
		width: 3,
		height: 3,
		output: {type: "Block", code: "game:door-1x3gate-{wood}" }
	},
	{
		name: "2x2 gate",
		ingredientPattern: "B__,WWW,WWW",
		requiresTrait: "Woodworker",
		"ingredients": {
			"W": { "type": "item", "code": "game:plank-*", "name": "wood", "quantity": 3 },
			"B": {"type": "Item", "code": "hammersringingfall:hinge-*", "quantity":2 }
		},
		width: 3,
		height: 3,
		output: { type: "block", code: "door-2x2gate-{wood}"  }
	},
	{
		name: "2x4 gate",
		ingredientPattern: "WW_,WWB,WW_",
requiresTrait: "Woodworker",
    "ingredients": {                
			"W": { type: "item", code: "game:plank-*", name: "wood", quantity: 6 },
			"B": {type: "Item", code: "hammersringingfall:hinge-*", quantity:4 }
		},
		width: 3,
		height: 3,
		output: { type: "block", code: "door-2x4gate-{wood}"  }
	},
	
	
	
	
	
	
	
	{
    "ingredientPattern": "HN_,WWS",
	requiresTrait: "Woodworker",
    "ingredients": {        
		"S": { type: "item", code: "game:saw-*", isTool: true  },
		"H": { type: "item", code: "game:hammer-*", isTool: true  },
		"W": { "type": "item", "code": "game:plank-*", "name": "material", "allowedVariants": [ "acacia", "aged", "baldcypress", "birch", "ebony","kapok", "larch", "maple", "pine", "purpleheart", "redwood", "walnut" ],quantity:2 },
		"N": {type: "Item", code: "hammersringingfall:nail-copper", quantity: 4 }
	},
    "width": 3,
    "height": 2,
    "output": { "type": "block", "code": "medieval:littledoor-{material}-closed-up-south", quantity: 1 }
  },
  {
    "ingredientPattern": "H_N,WWS",
	requiresTrait: "Woodworker",
    "ingredients": {        
		"S": { type: "item", code: "game:saw-*", isTool: true  },
		"H": { type: "item", code: "game:hammer-*", isTool: true  },
		"W": { "type": "block", "code": "game:planks-*-hor", "name": "material", "allowedVariants": [ "acacia", "aged", "baldcypress", "birch", "ebony","kapok", "larch", "maple", "pine", "purpleheart", "redwood", "walnut" ],quantity:2 },
		"N": {type: "Item", code: "hammersringingfall:nail-copper", quantity: 4 }   
   },
    "width": 3,
    "height": 2,
    "output": { "type": "block", "code": "medieval:littledoorplanks-{material}-closed-up-south", quantity: 1 }
  },
  {
    "ingredientPattern": "HN,WS",
	requiresTrait: "Woodworker",
    "ingredients": {        
		"S": { type: "item", code: "game:saw-*", isTool: true  },
		"H": { type: "item", code: "game:hammer-*", isTool: true  },
		"W": { "type": "block", "code": "game:planks-*-hor", "name": "material", "allowedVariants": [ "acacia", "aged", "baldcypress", "birch", "ebony","kapok", "larch", "maple", "pine", "purpleheart", "redwood", "walnut" ],quantity:2 },
		"N": {type: "Item", code: "hammersringingfall:nail-copper", quantity: 4 }  
  },
    "width": 2,
    "height": 2,
    "output": { "type": "block", "code": "medieval:littledoorplanksone-{material}-closed-up-south", quantity: 1 }
  },
  
  {
	ingredientPattern: "P_P,SPS,PNP",
	requiresTrait: "Woodworker",
    "ingredients": {        
		"P": { type: "item", code: "game:plank-*", name: "wood", quantity: 1 },
		"N": { "type": "item", "code": "hammersringingfall:nail-*","quantity": 2},
		"S": { type: "item", code: "game:stick", quantity: 4 }
	},
	width: 3, 
	height: 3,
	output: { type: "block", code: "lichen:cresentchair-{wood}-east", quantity: 1  }
},


{
		ingredientPattern: "HL",
requiresTrait: "Woodworker",
    "ingredients": {                
			"H": { type: "item", code: "game:saw-*", isTool: true  },
			"L": { type: "block", code: "debarkedlog-*-ud", name: "wood" }
		},
		width: 2,
		height: 1,
		shapeless: true,
		output: { type: "block", code: "supportbeam-{wood}", quantity: 3  }
	},
	
	{
    "ingredientPattern": "_WH,WNW,_W_",
	requiresTrait: "Woodworker",
    "ingredients": {        
		"N": { "type": "item", "code": "hammersringingfall:nail-*","quantity": 2},
      "H": { "type": "item", "code": "game:hammer-*", "isTool": true  },
      "W": { "type": "item", "code": "game:plank-acacia", "quantity": 2 }
    },
    "width": 3,
    "height": 3,
    "output": { "type": "block", "code": "medieval:shelf-acacia-normal-east"}
  },
  {
    "ingredientPattern": "_WH,WNW,_W_",
	requiresTrait: "Woodworker",
    "ingredients": {        
		"N": { "type": "item", "code": "hammersringingfall:nail-*","quantity": 2},
      "H": { "type": "item", "code": "game:hammer-*", "isTool": true  },
      "W": { "type": "item", "code": "game:plank-aged", "quantity": 2 }
    },
    "width": 3,
    "height": 3,
    "output": { "type": "block", "code": "medieval:shelf-aged-normal-east"}
  },
  {
    "ingredientPattern": "_WH,WNW,_W_",
	requiresTrait: "Woodworker",
    "ingredients": {        
		"N": { "type": "item", "code": "hammersringingfall:nail-*","quantity": 2},
      "H": { "type": "item", "code": "game:hammer-*", "isTool": true  },
      "W": { "type": "item", "code": "game:plank-baldcypress", "quantity": 2}
    },
    "width": 3,
    "height": 3,
    "output": { "type": "block", "code": "medieval:shelf-baldcypress-normal-east"}
  },
  {
    "ingredientPattern": "_WH,WNW,_W_",
	requiresTrait: "Woodworker",
    "ingredients": {        
		"N": { "type": "item", "code": "hammersringingfall:nail-*","quantity": 2},
      "H": { "type": "item", "code": "game:hammer-*", "isTool": true  },
      "W": { "type": "item", "code": "game:plank-birch", "quantity": 2 }
    },
    "width": 3,
    "height": 3,
    "output": { "type": "block", "code": "medieval:shelf-birch-normal-east"}
  },
  {
    "ingredientPattern": "_WH,WNW,_W_",
	requiresTrait: "Woodworker",
    "ingredients": {        
		"N": { "type": "item", "code": "hammersringingfall:nail-*","quantity": 2},
      "H": { "type": "item", "code": "game:hammer-*", "isTool": true  },
      "W": { "type": "item", "code": "game:plank-ebony", "quantity": 2}
    },
    "width": 3,
    "height": 3,
    "output": { "type": "block", "code": "medieval:shelf-ebony-normal-east"}
  },
  {
    "ingredientPattern": "_WH,WNW,_W_",
	requiresTrait: "Woodworker",
    "ingredients": {        
		"N": { "type": "item", "code": "hammersringingfall:nail-*","quantity": 2},
      "H": { "type": "item", "code": "game:hammer-*", "isTool": true  },
      "W": { "type": "item", "code": "game:plank-kapok", "quantity": 2 }
    },
    "width": 3,
    "height": 3,
    "output": { "type": "block", "code": "medieval:shelf-kapok-normal-east"}
  },
  {
    "ingredientPattern": "_WH,WNW,_W_",
	requiresTrait: "Woodworker",
    "ingredients": {        
		"N": { "type": "item", "code": "hammersringingfall:nail-*","quantity": 2},
      "H": { "type": "item", "code": "game:hammer-*", "isTool": true  },
      "W": { "type": "item", "code": "game:plank-larch", "quantity": 2 }
    },
    "width": 3,
    "height": 3,
    "output": { "type": "block", "code": "medieval:shelf-larch-normal-east"}
  },
  {
    "ingredientPattern": "_WH,WNW,_W_",
	requiresTrait: "Woodworker",
    "ingredients": {        
		"N": { "type": "item", "code": "hammersringingfall:nail-*","quantity": 2},
      "H": { "type": "item", "code": "game:hammer-*", "isTool": true  },
      "W": { "type": "item", "code": "game:plank-maple", "quantity": 2 }
    },
    "width": 3,
    "height": 3,
    "output": { "type": "block", "code": "medieval:shelf-maple-normal-east"}
  },
  {
    "ingredientPattern": "_WH,WNW,_W_",
	requiresTrait: "Woodworker",
    "ingredients": {        
		"N": { "type": "item", "code": "hammersringingfall:nail-*","quantity": 2},
      "H": { "type": "item", "code": "game:hammer-*", "isTool": true  },
      "W": { "type": "item", "code": "game:plank-pine", "quantity": 2 }
    },
    "width": 3,
    "height": 3,
    "output": { "type": "block", "code": "medieval:shelf-pine-normal-east"}
  },
  {
    "ingredientPattern": "_WH,WNW,_W_",
	requiresTrait: "Woodworker",
    "ingredients": {        
		"N": { "type": "item", "code": "hammersringingfall:nail-*","quantity": 2},
      "H": { "type": "item", "code": "game:hammer-*", "isTool": true  },
      "W": { "type": "item", "code": "game:plank-purpleheart", "quantity": 2 }
    },
    "width": 3,
    "height": 3,
    "output": { "type": "block", "code": "medieval:shelf-purpleheart-normal-east"}
  },
  {
    "ingredientPattern": "_WH,WNW,_W_",
	requiresTrait: "Woodworker",
    "ingredients": {        
		"N": { "type": "item", "code": "hammersringingfall:nail-*","quantity": 2},
      "H": { "type": "item", "code": "game:hammer-*", "isTool": true  },
      "W": { "type": "item", "code": "game:plank-redwood", "quantity": 2 }
    },
    "width": 3,
    "height": 3,
    "output": { "type": "block", "code": "medieval:shelf-redwood-normal-east"}
  },
  {
    "ingredientPattern": "_WH,WNW,_W_",
	requiresTrait: "Woodworker",
    "ingredients": {        
		"N": { "type": "item", "code": "hammersringingfall:nail-*","quantity": 2},
      "H": { "type": "item", "code": "game:hammer-*", "isTool": true  },
      "W": { "type": "item", "code": "game:plank-walnut", "quantity": 2 }
    },
    "width": 3,
    "height": 3,
    "output": { "type": "block", "code": "medieval:shelf-walnut-normal-east"}
  },
  {
    "ingredientPattern": "_WH,WNW,_W_",
	requiresTrait: "Woodworker",
    "ingredients": {        
		"N": { "type": "item", "code": "hammersringingfall:nail-*","quantity": 2},
      "H": { "type": "item", "code": "game:hammer-*", "isTool": true  },
      "W": { "type": "item", "code": "game:plank-oak", "quantity": 2 }
    },
    "width": 3,
    "height": 3,
    "output": { "type": "block", "code": "medieval:shelf-oak-normal-east"}
  },
  
  {
		ingredientPattern: "PPN,PP_",
requiresTrait: "Woodworker",
    "ingredients": {                
			"P": { type: "item", code: "game:plank-*", name: "wood", skipVariants: ["agedebony", "rottenebony"], quantity:4 },
			"N": {type: "Item", code: "hammersringingfall:nail-copper", quantity:4}
		},
		width: 3,
		height: 2,
		output: { type: "block", code: "planks-{wood}-ns", quantity: 4  }
	},
  {
		ingredientPattern: "PPN,PP_",
requiresTrait: "Woodworker",
    "ingredients": {                
			"P": { type: "item", code: "game:plank-*", name: "wood", skipVariants: ["agedebony", "rottenebony"], quantity:4 },
			"N": {type: "Item", code: "hammersringingfall:nail-iron", quantity:2}
		},
		width: 3,
		height: 2,
		output: { type: "block", code: "game:planks-{wood}-ns", quantity: 4  }
	},
	
	{
		ingredientPattern: "SL",
requiresTrait: "Woodworker",
    "ingredients": {                
			"S": { type: "item", code: "game:saw-*", isTool: true  },
			"L": { type: "block", code: "game:log-placed-*-ud", name: "wood" }
		},
		width: 2,
		height: 1,
		recipeGroup: 1,
		shapeless: true,
		output: { type: "item", code: "game:plank-{wood}", quantity: 12  }
	},
	{
		ingredientPattern: "SL",
requiresTrait: "Woodworker",
    "ingredients": {                
			"S": { type: "item", code: "game:saw-*", isTool: true  },
			"L": { type: "block", code: "game:logsection-placed-*-ne-ud", name: "wood" }
		},
		width: 2,
		height: 1,
		recipeGroup: 1,
		shapeless: true,
		output: { type: "item", code: "game:plank-{wood}", quantity: 12  }
	},
	
	
	{
		ingredientPattern: "PPF,PPX",
requiresTrait: "Woodworker",
    "ingredients": {                
			"P": { type: "item", code: "game:plank-acacia", quantity: 2 },
			"F": { type: "item", code: "game:saw-*", isTool: true },
			"X": {type: "Item", code: "hammersringingfall:nail-*", quantity: 2 }
			
		},
		width: 3,
		height: 2,
		output: { type: "block", code: "medieval:planksmedievalfencevertical-acacia-ew-free", quantity: 4  }
	},
	{
		ingredientPattern: "PPF,PPX",
requiresTrait: "Woodworker",
    "ingredients": {                
			"P": { type: "item", code: "game:plank-aged", quantity: 2 },
			"F": { type: "item", code: "game:saw-*", isTool: true },
			"X": {type: "Item", code: "hammersringingfall:nail-*", quantity: 2 }
		},
		width: 3,
		height: 2,
		output: { type: "block", code: "medieval:planksmedievalfencevertical-aged-ew-free", quantity: 4  }
	},
	{
		ingredientPattern: "PPF,PPX",
requiresTrait: "Woodworker",
    "ingredients": {                
			"P": { type: "item", code: "game:plank-baldcypress", quantity: 2 },
			"F": { type: "item", code: "game:saw-*", isTool: true },
			"X": {type: "Item", code: "hammersringingfall:nail-*", quantity: 2 }
		},
		width: 3,
		height: 2,
		output: { type: "block", code: "medieval:planksmedievalfencevertical-baldcypress-ew-free", quantity: 4  }
	},
	{
		ingredientPattern: "PPF,PPX",
requiresTrait: "Woodworker",
    "ingredients": {                
			"P": { type: "item", code: "game:plank-birch", quantity: 2 },
			"F": { type: "item", code: "game:saw-*", isTool: true },
			"X": {type: "Item", code: "hammersringingfall:nail-*", quantity: 2 }
		},
		width: 3,
		height: 2,
		output: { type: "block", code: "medieval:planksmedievalfencevertical-birch-ew-free", quantity: 4  }
	},
	{
		ingredientPattern: "PPF,PPX",
requiresTrait: "Woodworker",
    "ingredients": {                
			"P": { type: "item", code: "game:plank-ebony", quantity: 2 },
			"F": { type: "item", code: "game:saw-*", isTool: true },
			"X": {type: "Item", code: "hammersringingfall:nail-*", quantity: 2 }
		},
		width: 3,
		height: 2,
		output: { type: "block", code: "medieval:planksmedievalfencevertical-ebony-ew-free", quantity: 4  }
	},
	{
		ingredientPattern: "PPF,PPX",
requiresTrait: "Woodworker",
    "ingredients": {                
			"P": { type: "item", code: "game:plank-kapok", quantity: 2 },
			"F": { type: "item", code: "game:saw-*", isTool: true },
			"X": {type: "Item", code: "hammersringingfall:nail-*", quantity: 2 }
		},
		width: 3,
		height: 2,
		output: { type: "block", code: "medieval:planksmedievalfencevertical-kapok-ew-free", quantity: 4  }
	},
	{
		ingredientPattern: "PPF,PPX",
requiresTrait: "Woodworker",
    "ingredients": {                
			"P": { type: "item", code: "game:plank-larch", quantity: 2 },
			"F": { type: "item", code: "game:saw-*", isTool: true },
			"X": {type: "Item", code: "hammersringingfall:nail-*", quantity: 2 }
		},
		width: 3,
		height: 2,
		output: { type: "block", code: "medieval:planksmedievalfencevertical-larch-ew-free", quantity: 4  }
	},
	{
		ingredientPattern: "PPF,PPX",
requiresTrait: "Woodworker",
    "ingredients": {                
			"P": { type: "item", code: "game:plank-maple", quantity: 2 },
			"F": { type: "item", code: "game:saw-*", isTool: true },
			"X": {type: "Item", code: "hammersringingfall:nail-*", quantity: 2 }
		},
		width: 3,
		height: 2,
		output: { type: "block", code: "medieval:planksmedievalfencevertical-maple-ew-free", quantity: 4  }
	},
	{
		ingredientPattern: "PPF,PPX",
requiresTrait: "Woodworker",
    "ingredients": {                
			"P": { type: "item", code: "game:plank-pine", quantity: 2 },
			"F": { type: "item", code: "game:saw-*", isTool: true },
			"X": {type: "Item", code: "hammersringingfall:nail-*", quantity: 2 }
		},
		width: 3,
		height: 2,
		output: { type: "block", code: "medieval:planksmedievalfencevertical-pine-ew-free", quantity: 4  }
	},
	{
		ingredientPattern: "PPF,PPX",
requiresTrait: "Woodworker",
    "ingredients": {                
			"P": { type: "item", code: "game:plank-purpleheart", quantity: 2 },
			"F": { type: "item", code: "game:saw-*", isTool: true },
			"X": {type: "Item", code: "hammersringingfall:nail-*", quantity: 2 }
		},
		width: 3,
		height: 2,
		output: { type: "block", code: "medieval:planksmedievalfencevertical-purpleheart-ew-free", quantity: 4  }
	},
	{
		ingredientPattern: "PPF,PPX",
requiresTrait: "Woodworker",
    "ingredients": {                
			"P": { type: "item", code: "game:plank-redwood", quantity: 2 },
			"F": { type: "item", code: "game:saw-*", isTool: true },
			"X": {type: "Item", code: "hammersringingfall:nail-*", quantity: 2 }
		},
		width: 3,
		height: 2,
		output: { type: "block", code: "medieval:planksmedievalfencevertical-redwood-ew-free", quantity: 4  }
	},
	{
		ingredientPattern: "PPF,PPX",
requiresTrait: "Woodworker",
    "ingredients": {                
			"P": { type: "item", code: "game:plank-walnut", quantity: 2 },
			"F": { type: "item", code: "game:saw-*", isTool: true },
			"X": {type: "Item", code: "hammersringingfall:nail-*", quantity: 2 }
		},
		width: 3,
		height: 2,
		output: { type: "block", code: "medieval:planksmedievalfencevertical-walnut-ew-free", quantity: 4  }
	},
	{
		ingredientPattern: "PPF,PPX",
requiresTrait: "Woodworker",
    "ingredients": {                
			"P": { type: "item", code: "game:plank-oak", quantity: 2 },
			"F": { type: "item", code: "game:saw-*", isTool: true },
			"X": {type: "Item", code: "hammersringingfall:nail-*", quantity: 2 }
		},
		width: 3,
		height: 2,
		output: { type: "block", code: "medieval:planksmedievalfencevertical-oak-ew-free", quantity: 4  }
	},
	{
	ingredientPattern: "SP",
	requiresTrait: "Woodworker",
    "ingredients": {        
		"S": { type: "item", code: "game:saw-*", isTool: true  },
		"P": { type: "item", code: "game:plank-aged", quantity: 16}
	},
	width: 2,
	height: 1,
	shapeless: true,
	output: { type: "block", code: "game:woodenpath-ns", quantity: 16  }
},
{
	ingredientPattern: "PSP	PNP",
	requiresTrait: "Woodworker",
    "ingredients": {        
		"P": { type: "item", code: "game:plank-*", name: "wood", allowedVariants: ["birch", "oak", "maple", "pine", "acacia", "kapok", "aged", "baldcypress", "larch", "redwood", "ebony", "walnut", "purpleheart"], quantity: 4 },
		"S": { type: "item", code: "stick", quantity:4 },
		"N":{type: "Item", code: "hammersringingfall:nail-*" }
	},
	width: 3,
	height: 2,
	output: { type: "block", code: "woodenfence-{wood}-ew-free", quantity: 12 }
},

{
    "ingredientPattern": "WW,WW,HN",
	requiresTrait: "Woodworker",
    "ingredients": {        
	"N": { "type": "item", "code": "hammersringingfall:nail-*","quantity": 8},
      "H": { "type": "item", "code": "game:hammer-*", "isTool": true  },
      "W": { "type": "item", "code": "game:plank-*", "name": "wood", "allowedVariants": [ "acacia", "aged", "baldcypress", "birch", "ebony", "kapok", "larch", "maple", "pine", "purpleheart", "redwood", "walnut" ], quantity: 4 },
      "S": { "type": "item", "code": "game:stick", "quantity": 8 }
    },
    "width": 2,
    "height": 3,
    "output": { "type": "block", "code": "medieval:stairs-{wood}-south", "quantity": 6 }
  },
  {
		ingredientPattern: "WWW	WNW	W_W",
requiresTrait: "Woodworker",
    "ingredients": {                
			"W": { type: "item", code: "game:plank-*", quantity:2 },
			"N": {type: "Item", code: "hammersringingfall:nail-*", quantity:2 }

		},
		width: 3,
		height: 3,
		output: { type: "block", code: "table-normal" }
	},
]