﻿[
  {
    "op": "add",
    "path": "/dropsByType/*-branch/0/dropModbyStat",
    "value": "fruittreeDropRate",
    "file": "blocktypes/plant/fruittreebranch.json"
  },
  {
    "op": "add",
    "path": "/attributes/fruittreeProperties/pinkapple/ripeDays",
    "value": {
      "dist": "strongerinvexp",
      "avg": 20,
      "var": 3
    },
    "file": "blocktypes/plant/fruittreebranch.json"
  },
  {
    "op": "add",
    "path": "/attributes/fruittreeProperties/redapple/ripeDays",
    "value": {
      "dist": "strongerinvexp",
      "avg": 20,
      "var": 2
    },
    "file": "blocktypes/plant/fruittreebranch.json"
  },
  {
    "op": "add",
    "path": "/attributes/fruittreeProperties/yellowapple/ripeDays",
    "value": {
      "dist": "strongerinvexp",
      "avg": 20,
      "var": 4
    },
    "file": "blocktypes/plant/fruittreebranch.json"
  },
  {
    "op": "add",
    "path": "/attributes/fruittreeProperties/cherry/ripeDays",
    "value": {
      "dist": "strongerinvexp",
      "avg": 20,
      "var": 3
    },
    "file": "blocktypes/plant/fruittreebranch.json"
  },
  {
    "op": "add",
    "path": "/attributes/fruittreeProperties/mango/ripeDays",
    "value": {
      "dist": "strongerinvexp",
      "avg": 20,
      "var": 5
    },
    "file": "blocktypes/plant/fruittreebranch.json"
  },
  {
    "op": "add",
    "path": "/attributes/fruittreeProperties/olive/ripeDays",
    "value": {
      "dist": "strongerinvexp",
      "avg": 20,
      "var": 3
    },
    "file": "blocktypes/plant/fruittreebranch.json"
  },
  {
    "op": "add",
    "path": "/attributes/fruittreeProperties/orange/ripeDays",
    "value": {
      "dist": "strongerinvexp",
      "avg": 20,
      "var": 4
    },
    "file": "blocktypes/plant/fruittreebranch.json"
  },
  {
    "op": "add",
    "path": "/attributes/fruittreeProperties/peach/ripeDays",
    "value": {
      "dist": "strongerinvexp",
      "avg": 20,
      "var": 2
    },
    "file": "blocktypes/plant/fruittreebranch.json"
  },
  {
    "op": "add",
    "path": "/attributes/fruittreeProperties/pear/ripeDays",
    "value": {
      "dist": "strongerinvexp",
      "avg": 20,
      "var": 5
    },
    "file": "blocktypes/plant/fruittreebranch.json"
  },
  {
    "op": "add",
    "path": "/attributes/fruittreeProperties/breadfruit/ripeDays",
    "value": {
      "dist": "strongerinvexp",
      "avg": 20,
      "var": 3
    },
    "file": "blocktypes/plant/fruittreebranch.json"
  },
  {
    "op": "add",
    "path": "/attributes/fruittreeProperties/lychee/ripeDays",
    "value": {
      "dist": "strongerinvexp",
      "avg": 20,
      "var": 2
    },
    "file": "blocktypes/plant/fruittreebranch.json"
  },
  {
    "op": "add",
    "path": "/attributes/fruittreeProperties/pomegranate/ripeDays",
    "value": {
      "dist": "strongerinvexp",
      "avg": 20,
      "var": 5
    },
    "file": "blocktypes/plant/fruittreebranch.json"
  }

]