﻿[
  {
    "op": "replace",
    "path": "/cropProps/totalGrowthMonths",
    "value": 2.1,
    "file": "blocktypes/plant/crop/amaranth.json",
    "side": "server"
  },
  {
    "op": "replace",
    "path": "/cropProps/totalGrowthMonths",
    "value": 2.1,
    "file": "blocktypes/plant/crop/bellpepper.json",
    "side": "server"
  },
  {
    "op": "replace",
    "path": "/cropProps/totalGrowthMonths",
    "value": 1.74,
    "file": "blocktypes/plant/crop/cabbage.json",
    "side": "server"
  },
  {
    "op": "replace",
    "path": "/cropProps/totalGrowthMonths",
    "value": 1.74,
    "file": "blocktypes/plant/crop/carrot.json",
    "side": "server"
  },
  {
    "op": "replace",
    "path": "/cropProps/totalGrowthMonths",
    "value": 4.5,
    "file": "blocktypes/plant/crop/cassava.json",
    "side": "server"
  },
  {
    "op": "replace",
    "path": "/cropProps/totalGrowthMonths",
    "value": 2.74,
    "file": "blocktypes/plant/crop/flax.json",
    "side": "server"
  },
  {
    "op": "replace",
    "path": "/cropProps/totalGrowthMonths",
    "value": 2.25,
    "file": "blocktypes/plant/crop/onion.json",
    "side": "server"
  },
  {
    "op": "replace",
    "path": "/cropProps/totalGrowthMonths",
    "value": 2.25,
    "file": "blocktypes/plant/crop/parsnip.json",
    "side": "server"
  },
  {
    "op": "replace",
    "path": "/cropProps/totalGrowthMonths",
    "value": 4,
    "file": "blocktypes/plant/crop/peanut.json",
    "side": "server"
  },
  {
    "op": "replace",
    "path": "/cropProps/totalGrowthMonths",
    "value": 4.5,
    "file": "blocktypes/plant/crop/pineapple.json",
    "side": "server"
  },
  {
    "op": "replace",
    "path": "/cropProps/totalGrowthMonths",
    "value": 1.66,
    "file": "blocktypes/plant/pumpkin/motherplant.json",
    "side": "server"
  },
  {
    "op": "replace",
    "path": "/cropProps/totalGrowthMonths",
    "value": 4,
    "file": "blocktypes/plant/crop/rice.json",
    "side": "server"
  },
  {
    "op": "replace",
    "path": "/cropProps/totalGrowthMonths",
    "value": 2.25,
    "file": "blocktypes/plant/crop/rye.json",
    "side": "server"
  },
  {
    "op": "replace",
    "path": "/cropProps/totalGrowthMonths",
    "value": 1.62,
    "file": "blocktypes/plant/crop/soybean.json",
    "side": "server"
  },
  {
    "op": "replace",
    "path": "/cropProps/totalGrowthMonths",
    "value": 2.74,
    "file": "blocktypes/plant/crop/spelt.json",
    "side": "server"
  },
  {
    "op": "replace",
    "path": "/cropProps/totalGrowthMonths",
    "value": 2.25,
    "file": "blocktypes/plant/crop/sunflower.json",
    "side": "server"
  },
  {
    "op": "replace",
    "path": "/cropProps/totalGrowthMonths",
    "value": 1.37,
    "file": "blocktypes/plant/crop/turnip.json",
    "side": "server"
  }  
]