[
	{
    "op": "replace",
    "path": "/dropsByType",
    "value": {
		"*-1": [
			{ "type": "item", "code": "seeds-amaranth", "quantity":  { "avg": 1}}
		],
		"*-8": [
			{"type": "item", "code": "seeds-amaranth", "quantity":  { "avg": 0}},
			{ "type": "item", "code": "grain-amaranth", "quantity":  { "avg": 0.5, "var": 1 }}
		],
		"*-9": [
			{ "type": "item", "code": "grain-amaranth", "quantity":  { "avg": 0}},
			{ "type": "item", "code": "grain-amaranth", "quantity":  { "avg": 1.5, "var": 0.5 } }
		],
		"*": []
			},
		"file": "blocktypes/plant/crop/amaranth.json",
    "side": "server"
	},
	{
    "op": "replace",
    "path": "/dropsByType",
    "value": {
		"*-14": [
			{ "type": "item", "code": "seeds-bellpepper", "quantity":  { "avg": 1.05 }}
		],
		"*-15": [
			{ "type": "item", "code": "seeds-bellpepper", "quantity":  { "avg": 1.09 }}
		],
		"*-16": [
			{ "type": "item", "code": "seeds-bellpepper", "quantity":  { "avg": 1.09 }}
		],
		"*-17": [
			{ "type": "item", "code": "seeds-bellpepper", "quantity":  { "avg": 1.09 }}
		],
		"*-18": [
			{ "type": "item", "code": "seeds-bellpepper", "quantity":  { "avg": 1.09 }},
			{ "type": "item", "code": "vegetable-bellpepper", "quantity":  { "avg": 0.001, "var": 0 }}
		],
		"*-19": [
			{ "type": "item", "code": "seeds-bellpepper", "quantity":  { "avg": 1.05 }}
		],
		"*-1": [
			{ "type": "item", "code": "seeds-bellpepper", "quantity":  { "avg": 0.7 }}
		],
		"*": []
	},
	"file": "blocktypes/plant/crop/bellpepper.json",
    "side": "server"
	},
	{
    "op": "replace",
    "path": "/dropsByType",
    "value": {
		"*-11": [
			{ "type": "item", "code": "seeds-cabbage", "quantity":  { "avg": 0.99 }},
			{ "type": "item", "code": "vegetable-cabbage", "quantity":  { "avg": 0.85, "var": 0.1 }}
		],
		"*-12": [
			{ "type": "item", "code": "seeds-cabbage", "quantity":  { "avg": 2, "var": 1 }},
			{ "type": "item", "code": "vegetable-cabbage", "quantity":  { "avg": 1, "var": 0 }}
		],
		"*-1": [
			{ "type": "item", "code": "seeds-cabbage", "quantity":  { "avg": 0.5, "var": 0.5 }}
		],
		"*": []
	},
		"file": "blocktypes/plant/crop/cabbage.json",
    "side": "server"
	},
	{
    "op": "replace",
    "path": "/dropsByType",
		"value": {

			"*-6": [
				{"type": "item","code": "seeds-carrot","quantity": { "avg": 0.99 }},
				{"type": "item","code": "vegetable-carrot","quantity": {"avg": 1.5,	"var": 0.5}}
						 ],
			"*-7": [
				{	"type": "item",	"code": "seeds-carrot",	"quantity": { "avg": 1.05 }},
				{	"type": "item",	"code": "vegetable-carrot",	"quantity": { "avg": 3, "var": 1}}
						 ],
			"*-1":[
					{ "type": "item",	"code": "seeds-carrot",	"quantity": { "avg": 0.7 }}
						],
			"*": []
		},
		"file": "blocktypes/plant/crop/carrot.json",
    "side": "server"
	},
	{
    "op": "replace",
    "path": "/dropsByType",
    "value": {
		"*-8": [
			{ "type": "item", "code": "seeds-cassava", "quantity":  { "avg": 1}},
			{ "type": "item", "code": "rawcassava-raw", "quantity":  { "avg": 3, "var": 0.5 }}
		],
		"*-9": [
			{ "type": "item", "code": "seeds-cassava", "quantity":  { "avg": 1.05 }},
			{ "type": "item", "code": "rawcassava-raw", "quantity":  { "avg": 5, "var": 1 }}
		],
		"*-1": [
			{ "type": "item", "code": "seeds-cassava", "quantity":  { "avg": 0.7 }}
		],
		"*": []
	},
		"file": "blocktypes/plant/crop/cassava.json",
    "side": "server"
	},
	{
    "op": "replace",
    "path": "/dropsByType",
    "value": {
		"*-9": [
			{ "type": "item", "code": "grain-flax", "quantity":  { "avg": 0}},
 			{ "type": "item", "code": "grain-flax", "quantity":  { "avg": 1.5, "var": 0.5 }},
			{ "type": "item", "code": "flaxfibers", "quantity":  { "avg": 1.5, "var": 0.5 }}
		],
		"*-1": [
			{ "type": "item", "code": "seeds-flax", "quantity":  { "avg": 1 } }
		],
		"*": []
	},
		"file": "blocktypes/plant/crop/flax.json",
    "side": "server"
	},
	{
    "op": "replace",
    "path": "/dropsByType",
    "value": {
		"*-6": [
			{ "type": "item", "code": "seeds-onion", "quantity":  { "avg": 0.99 }},
			{ "type": "item", "code": "vegetable-onion", "quantity":  { "avg": 1.5, "var": 0.5 }}
		],
		"*-7": [
			{ "type": "item", "code": "seeds-onion", "quantity":  { "avg": 1.05 }},
			{ "type": "item", "code": "vegetable-onion", "quantity":  { "avg": 3, "var": 1 }}
		],
		"*-1": [
			{ "type": "item", "code": "seeds-onion", "quantity":  { "avg": 0.7 }}
		],
		"*": []
	},
		"file": "blocktypes/plant/crop/onion.json",
    "side": "server"
	},
	{
    "op": "replace",
    "path": "/dropsByType",
    "value": {
		"*-7": [
			{ "type": "item", "code": "seeds-parsnip", "quantity":  { "avg": 0.99 }},
			{ "type": "item", "code": "vegetable-parsnip", "quantity":  { "avg": 1.5, "var": 0.5 }}
		],
		"*-8": [
			{ "type": "item", "code": "seeds-parsnip", "quantity":  { "avg": 1.05 }},
			{ "type": "item", "code": "vegetable-parsnip", "quantity":  { "avg": 3, "var": 1 }}
		],
		"*-1": [
			{ "type": "item", "code": "seeds-parsnip", "quantity":  { "avg": 0.7 }}
		],
		"*": []
	},
		"file": "blocktypes/plant/crop/parsnip.json",
    "side": "server"
	},
	{
    "op": "replace",
    "path": "/dropsByType",
    "value": {
		"*-8": [
			{ "type": "item", "code": "seeds-peanut", "quantity":  { "avg": 1 }},
			{ "type": "item", "code": "legume-peanut", "quantity":  { "avg": 3, "var": 0.5 }}
		],
		"*-9": [
			{ "type": "item", "code": "seeds-peanut", "quantity":  { "avg": 1.05 }},
			{ "type": "item", "code": "legume-peanut", "quantity":  { "avg": 6, "var": 1 }}
		],
		"*-1": [
			{ "type": "item", "code": "seeds-peanut", "quantity":  { "avg": 0.7 }}
		],
		"*": []
	},
		"file": "blocktypes/plant/crop/peanut.json",
    "side": "server"
	},
	{
    "op": "replace",
    "path": "/dropsByType",
    "value": {
		"*-11": [
			{ "type": "item", "code": "seeds-pineapple", "quantity":  { "avg": 0.99 }}
		],
		"*-12": [
			{ "type": "item", "code": "seeds-pineapple", "quantity":  { "avg": 0.99 }}
		],
		"*-13": [
			{ "type": "item", "code": "seeds-pineapple", "quantity":  { "avg": 0.99 }}
		],
		"*-14": [
			{ "type": "item", "code": "seeds-pineapple", "quantity":  { "avg": 0.99 }}
		],
		"*-15": [
			{ "type": "item", "code": "seeds-pineapple", "quantity":  { "avg": 0.99 }}
		],
		"*-16": [
			{ "type": "item", "code": "seeds-pineapple", "quantity":  { "avg": 1.05 }},
			{ "type": "block", "code": "pineapple", "quantity":  { "avg": 1, "var": 0 }}
		],
		"*-1": [
			{ "type": "item", "code": "seeds-pineapple", "quantity":  { "avg": 0.7 }}
		],
		"*": []
	},
		"file": "blocktypes/plant/crop/pineapple.json",
    "side": "server"
	},
	{
    "op": "replace",
    "path": "/dropsByType",
    "value": {
		"*-10": [
			{ "type": "item", "code": "seeds-rice", "quantity":  { "avg": 0}},
			{ "type": "item", "code": "grain-rice", "quantity":  { "avg": 1.5, "var": 0.5 }}
		],
		"*-1": [
			{ "type": "item", "code": "seeds-rice", "quantity":  { "avg": 1 } }
		],
		"*": []
	},
		"file": "blocktypes/plant/crop/rice.json",
    "side": "server"
	},
	{
    "op": "replace",
    "path": "/dropsByType",
    "value": {
		"*-9": [
			{ "type": "item", "code": "grain-flax", "quantity":  { "avg": 0}},
			{ "type": "item", "code": "grain-rye", "quantity":  { "avg": 1.5, "var": 0.5 }}
		],
		"*-1": [
			{ "type": "item", "code": "seeds-rye", "quantity":  { "avg": 1 }}
		],
		"*": []
	},
		"file": "blocktypes/plant/crop/rye.json",
    "side": "server"
	},
	{
    "op": "replace",
    "path": "/dropsByType",
    "value": {
		"*-10": [
			{ "type": "item", "code": "seeds-soybean", "quantity":  { "avg": 1 }},
			{ "type": "item", "code": "legume-soybean", "quantity":  { "avg": 2, "var": 0.5 }}
		],
		"*-11": [
			{ "type": "item", "code": "seeds-soybean", "quantity":  { "avg": 1.05 }},
			{ "type": "item", "code": "legume-soybean", "quantity":  { "avg": 3, "var": 1 }}
		],
		"*-1": [
			{ "type": "item", "code": "seeds-soybean", "quantity":  { "avg": 0.7 }}
		],
		"*": []
	},
		"file": "blocktypes/plant/crop/soybean.json",
    "side": "server"
	},
	{
    "op": "replace",
    "path": "/dropsByType",
    "value": {
		"*-9": [
			{ "type": "item", "code": "grain-flax", "quantity":  { "avg": 0}},
			{ "type": "item", "code": "grain-spelt", "quantity":  { "avg": 1.5, "var": 0.5 }}
		],
		"*-8": [
			{ "type": "item", "code": "grain-spelt", "quantity":  { "avg": 0.5, "var": 1 }}
		],
		"*-1": [
			{ "type": "item", "code": "seeds-spelt", "quantity":  { "avg": 1 }}
		],
		"*": []
	},
		"file": "blocktypes/plant/crop/spelt.json",
    "side": "server"
	},
	{
    "op": "replace",
    "path": "/dropsByType",
    "value": {
		"*-12": [
			{ "type": "item", "code": "seeds-sunflower", "quantity":  { "avg": 0.0}},
			{ "type": "item", "code": "grain-sunflower", "quantity":  { "avg": 1.5, "var": 0.5 }}
		],
		"*-11": [
			{ "type": "item", "code": "grain-sunflower", "quantity":  { "avg": 0.5, "var": 1 }}
		],
		"*-1": [
			{ "type": "item", "code": "seeds-sunflower", "quantity":  { "avg": 1 }}
		],
		"*": []
	},
		"file": "blocktypes/plant/crop/sunflower.json",
    "side": "server"
	},
	{
    "op": "replace",
    "path": "/dropsByType",
    "value": {
		"*-4": [
			{ "type": "item", "code": "seeds-turnip", "quantity":  { "avg": 0.99 }},
			{ "type": "item", "code": "vegetable-turnip", "quantity":  { "avg": 1, "var": 1 }}
		],
		"*-5": [
			{ "type": "item", "code": "seeds-turnip", "quantity":  { "avg": 1.05 }},
			{ "type": "item", "code": "vegetable-turnip", "quantity":  { "avg": 3, "var": 1 }}
		],
		"*-1": [
			{ "type": "item", "code": "seeds-turnip", "quantity":  { "avg": 0.7 }}
		],
		"*": []
	},
	"file": "blocktypes/plant/crop/turnip.json",
    "side": "server"
	}
]
	