[
  {
    "op": "replace",
    "path": "/0/attributes/radius/var",
    "value": 24,
    "file": "game:worldgen/deposits/rock/marble.json"
  },
  {
    "op": "replace",
    "path": "/1/attributes/radius/var",
    "value": 24,
    "file": "game:worldgen/deposits/rock/marble.json"
  },
  {
    "op": "replace",
    "path": "/2/attributes/radius/var",
    "value": 24,
    "file": "game:worldgen/deposits/rock/marble.json"
  },
  {
    "op": "replace",
    "path": "/3/attributes/radius/var",
    "value": 24,
    "file": "game:worldgen/deposits/rock/marble.json"
  },
  {
    "op": "replace",
    "path": "/4/attributes/radius/var",
    "value": 24,
    "file": "game:worldgen/deposits/rock/marble.json"
  }
]