[
  {
    "op": "replace",
    "path": "/0/attributes/radius/avg",
    "value": 15,
    "file": "game:worldgen/deposits/soil/clay.json"
  },
  {
    "op": "replace",
    "path": "/0/attributes/radius/var",
    "value": 16,
    "file": "game:worldgen/deposits/soil/clay.json"
  },
  {
    "op": "replace",
    "path": "/0/attributes/thickness/var",
    "value": 2,
    "file": "game:worldgen/deposits/soil/clay.json"
  },
  {
    "op": "replace",
    "path": "/0/triesPerChunk",
    "value": 0.002,
    "file": "game:worldgen/deposits/soil/clay.json"
  },
  {
    "op": "replace",
    "path": "/1/attributes/radius/var",
    "value": 16,
    "file": "game:worldgen/deposits/soil/clay.json"
  },
  {
    "op": "replace",
    "path": "/1/attributes/thickness/var",
    "value": 2,
    "file": "game:worldgen/deposits/soil/clay.json"
  },
  {
    "op": "replace",
    "path": "/1/triesPerChunk",
    "value": 0.0004,
    "file": "game:worldgen/deposits/soil/clay.json"
  }
]