[
  {
    "op": "add",
    "path": "/0/ingredients/N/quantity",
    "value": 4,
    "file": "game:recipes/grid/butterflynet.json"
  },
  {
    "op": "replace",
    "path": "/0/ingredients/N/code",
    "value": "hammersringingfall:metalband-copper",
    "file": "game:recipes/grid/butterflynet.json"
  },
  {
    "op": "replace",
    "path": "/0/ingredients/S/code",
    "value": "hammersringingfall:toolhaft-medium-finished",
    "file": "game:recipes/grid/butterflynet.json"
  },
  {
    "op": "replace",
    "path": "/0/ingredients/S/type",
    "value": "Item",
    "file": "game:recipes/grid/butterflynet.json"
  }
]