[
  {
    "op": "replace",
    "path": "/0/ingredients/C/quantity",
    "value": 4,
    "file": "game:recipes/grid/skep.json"
  },
  {
    "op": "replace",
    "path": "/0/ingredients/L/quantity",
    "value": 4,
    "file": "game:recipes/grid/skep.json"
  },
  {
    "op": "replace",
    "path": "/1/ingredients/C/quantity",
    "value": 4,
    "file": "game:recipes/grid/skep.json"
  },
  {
    "op": "replace",
    "path": "/1/ingredients/L/quantity",
    "value": 4,
    "file": "game:recipes/grid/skep.json"
  }
]