[
  {
    "op": "replace",
    "path": "/0/ingredients/0/consumeLitres",
    "value": 5,
    "file": "game:recipes/barrel/leather.json"
  },
  {
    "op": "replace",
    "path": "/0/ingredients/0/litres",
    "value": 5,
    "file": "game:recipes/barrel/leather.json"
  },
  {
    "op": "replace",
    "path": "/0/ingredients/1/quantity",
    "value": 2,
    "file": "game:recipes/barrel/leather.json"
  },
  {
    "op": "replace",
    "path": "/0/output/stackSize",
    "value": 2,
    "file": "game:recipes/barrel/leather.json"
  },
  {
    "op": "replace",
    "path": "/1/ingredients/0/consumeLitres",
    "value": 10,
    "file": "game:recipes/barrel/leather.json"
  },
  {
    "op": "replace",
    "path": "/1/ingredients/0/litres",
    "value": 10,
    "file": "game:recipes/barrel/leather.json"
  },
  {
    "op": "replace",
    "path": "/1/ingredients/1/quantity",
    "value": 2,
    "file": "game:recipes/barrel/leather.json"
  },
  {
    "op": "replace",
    "path": "/1/output/stackSize",
    "value": 4,
    "file": "game:recipes/barrel/leather.json"
  },
  {
    "op": "replace",
    "path": "/2/ingredients/0/consumeLitres",
    "value": 15,
    "file": "game:recipes/barrel/leather.json"
  },
  {
    "op": "replace",
    "path": "/2/ingredients/0/litres",
    "value": 15,
    "file": "game:recipes/barrel/leather.json"
  },
  {
    "op": "replace",
    "path": "/2/ingredients/1/quantity",
    "value": 2,
    "file": "game:recipes/barrel/leather.json"
  },
  {
    "op": "replace",
    "path": "/2/output/stackSize",
    "value": 6,
    "file": "game:recipes/barrel/leather.json"
  },
  {
    "op": "replace",
    "path": "/3/ingredients/0/consumeLitres",
    "value": 25,
    "file": "game:recipes/barrel/leather.json"
  },
  {
    "op": "replace",
    "path": "/3/ingredients/0/litres",
    "value": 25,
    "file": "game:recipes/barrel/leather.json"
  },
  {
    "op": "replace",
    "path": "/3/ingredients/1/quantity",
    "value": 2,
    "file": "game:recipes/barrel/leather.json"
  },
  {
    "op": "replace",
    "path": "/3/output/stackSize",
    "value": 10,
    "file": "game:recipes/barrel/leather.json"
  }
]