[
  {
    "op": "replace",
    "path": "/0/ingredients/0/litres",
    "value": 10,
    "file": "game:recipes/barrel/dye/purple.json"
  },
  {
    "op": "replace",
    "path": "/0/ingredients/1/quantity",
    "value": 20,
    "file": "game:recipes/barrel/dye/purple.json"
  },
  {
    "op": "replace",
    "path": "/0/output/litres",
    "value": 10,
    "file": "game:recipes/barrel/dye/purple.json"
  },
  {
    "op": "replace",
    "path": "/1/ingredients/0/litres",
    "value": 10,
    "file": "game:recipes/barrel/dye/purple.json"
  },
  {
    "op": "replace",
    "path": "/1/ingredients/1/quantity",
    "value": 20,
    "file": "game:recipes/barrel/dye/purple.json"
  },
  {
    "op": "replace",
    "path": "/1/output/litres",
    "value": 10,
    "file": "game:recipes/barrel/dye/purple.json"
  }
]