[
  {
    "op": "replace",
    "path": "/structures/26/chance",
    "value": 0.5,
    "file": "game:worldgen/structures.json"
  },
  {
    "op": "replace",
    "path": "/structures/26/minGroupDistance",
    "value": 3000,
    "file": "game:worldgen/structures.json"
  },
  {
    "op": "replace",
    "path": "/structures/27/chance",
    "value": 0.5,
    "file": "game:worldgen/structures.json"
  },
  {
    "op": "replace",
    "path": "/structures/27/minGroupDistance",
    "value": 3000,
    "file": "game:worldgen/structures.json"
  },
  {
    "op": "replace",
    "path": "/structures/28/minGroupDistance",
    "value": 3000,
    "file": "game:worldgen/structures.json"
  }
]