[
  {
    "op": "add",
    "path": "/0/ingredients/B/quantity",
    "value": 4,
    "file": "game:recipes/grid/rawrefractorybrick.json"
  },
  {
    "op": "add",
    "path": "/0/ingredients/F/quantity",
    "value": 4,
    "file": "game:recipes/grid/rawrefractorybrick.json"
  },
  {
    "op": "add",
    "path": "/0/ingredients/Q/quantity",
    "value": 4,
    "file": "game:recipes/grid/rawrefractorybrick.json"
  },
  {
    "op": "replace",
    "path": "/0/output/quantity",
    "value": 2,
    "file": "game:recipes/grid/rawrefractorybrick.json"
  },
  {
    "op": "add",
    "path": "/1/ingredients/B/quantity",
    "value": 4,
    "file": "game:recipes/grid/rawrefractorybrick.json"
  },
  {
    "op": "add",
    "path": "/1/ingredients/F/quantity",
    "value": 4,
    "file": "game:recipes/grid/rawrefractorybrick.json"
  },
  {
    "op": "add",
    "path": "/1/ingredients/P/quantity",
    "value": 4,
    "file": "game:recipes/grid/rawrefractorybrick.json"
  },
  {
    "op": "add",
    "path": "/1/ingredients/Q/quantity",
    "value": 4,
    "file": "game:recipes/grid/rawrefractorybrick.json"
  },
  {
    "op": "replace",
    "path": "/1/output/quantity",
    "value": 2,
    "file": "game:recipes/grid/rawrefractorybrick.json"
  },
  {
    "op": "add",
    "path": "/2/ingredients/B/quantity",
    "value": 4,
    "file": "game:recipes/grid/rawrefractorybrick.json"
  },
  {
    "op": "add",
    "path": "/2/ingredients/F/quantity",
    "value": 4,
    "file": "game:recipes/grid/rawrefractorybrick.json"
  },
  {
    "op": "add",
    "path": "/2/ingredients/I/quantity",
    "value": 4,
    "file": "game:recipes/grid/rawrefractorybrick.json"
  },
  {
    "op": "add",
    "path": "/2/ingredients/P/quantity",
    "value": 4,
    "file": "game:recipes/grid/rawrefractorybrick.json"
  },
  {
    "op": "add",
    "path": "/2/ingredients/Q/quantity",
    "value": 4,
    "file": "game:recipes/grid/rawrefractorybrick.json"
  },
  {
    "op": "replace",
    "path": "/2/output/quantity",
    "value": 2,
    "file": "game:recipes/grid/rawrefractorybrick.json"
  }
]