[
  {
    "op": "remove",
    "path": "/0/attributes/placeblock/allowedVariantsByInBlock/rock-andesite/1",
    "file": "game:worldgen/deposits/metalore/ilmenite.json"
  },
  {
    "op": "remove",
    "path": "/0/attributes/placeblock/allowedVariantsByInBlock/rock-basalt/1",
    "file": "game:worldgen/deposits/metalore/ilmenite.json"
  },
  {
    "op": "remove",
    "path": "/0/attributes/placeblock/allowedVariantsByInBlock/rock-basalt/1",
    "file": "game:worldgen/deposits/metalore/ilmenite.json"
  },
  {
    "op": "remove",
    "path": "/0/attributes/placeblock/allowedVariantsByInBlock/rock-granite/1",
    "file": "game:worldgen/deposits/metalore/ilmenite.json"
  },
  {
    "op": "remove",
    "path": "/0/attributes/placeblock/allowedVariantsByInBlock/rock-kimberlite/1",
    "file": "game:worldgen/deposits/metalore/ilmenite.json"
  },
  {
    "op": "remove",
    "path": "/0/attributes/placeblock/allowedVariantsByInBlock/rock-kimberlite/1",
    "file": "game:worldgen/deposits/metalore/ilmenite.json"
  },
  {
    "op": "remove",
    "path": "/0/attributes/placeblock/allowedVariantsByInBlock/rock-kimberlite/1",
    "file": "game:worldgen/deposits/metalore/ilmenite.json"
  },
  {
    "op": "remove",
    "path": "/0/attributes/placeblock/allowedVariantsByInBlock/rock-phyllite/1",
    "file": "game:worldgen/deposits/metalore/ilmenite.json"
  },
  {
    "op": "remove",
    "path": "/0/attributes/placeblock/allowedVariantsByInBlock/rock-phyllite/1",
    "file": "game:worldgen/deposits/metalore/ilmenite.json"
  },
  {
    "op": "remove",
    "path": "/0/attributes/placeblock/allowedVariantsByInBlock/rock-slate/1",
    "file": "game:worldgen/deposits/metalore/ilmenite.json"
  },
  {
    "op": "remove",
    "path": "/0/attributes/placeblock/allowedVariantsByInBlock/rock-slate/1",
    "file": "game:worldgen/deposits/metalore/ilmenite.json"
  },
  {
    "op": "replace",
    "path": "/0/attributes/radius/avg",
    "value": 5,
    "file": "game:worldgen/deposits/metalore/ilmenite.json"
  },
  {
    "op": "replace",
    "path": "/0/attributes/radius/var",
    "value": 20,
    "file": "game:worldgen/deposits/metalore/ilmenite.json"
  },
  {
    "op": "replace",
    "path": "/0/attributes/thickness/var",
    "value": 15,
    "file": "game:worldgen/deposits/metalore/ilmenite.json"
  },
  {
    "op": "replace",
    "path": "/0/attributes/yPosRel/avg",
    "value": 2,
    "file": "game:worldgen/deposits/metalore/ilmenite.json"
  },
  {
    "op": "replace",
    "path": "/0/attributes/yPosRel/var",
    "value": 2,
    "file": "game:worldgen/deposits/metalore/ilmenite.json"
  },
  {
    "op": "replace",
    "path": "/0/triesPerChunk",
    "value": 0.005,
    "file": "game:worldgen/deposits/metalore/ilmenite.json"
  }
]