[
  {
    "op": "replace",
    "path": "/height",
    "value": 3,
    "file": "game:recipes/grid/woodenfencegate.json"
  },
  {
    "op": "replace",
    "path": "/ingredientPattern",
    "value": "SPS,SPS,_H_",
    "file": "game:recipes/grid/woodenfencegate.json"
  },
  {
    "op": "add",
    "path": "/ingredients/H",
    "value": {
      "type": "Item",
      "code": "hammersringingfall:hinge-*",
      "quantity": 2
    },
    "file": "game:recipes/grid/woodenfencegate.json"
  },
  {
    "op": "add",
    "path": "/ingredients/P/quantity",
    "value": 2,
    "file": "game:recipes/grid/woodenfencegate.json"
  },
  {
    "op": "add",
    "path": "/ingredients/S/quantity",
    "value": 2,
    "file": "game:recipes/grid/woodenfencegate.json"
  }
]