[
  {
    "op": "replace",
    "path": "/attributes/tradeProps/buying/maxItems",
    "value": 0,
    "file": "game:entities/humanoid/trader-luxuries.json"
  },
  {
    "op": "replace",
    "path": "/attributes/tradeProps/selling/list/0/stock/avg",
    "value": 10,
    "file": "game:entities/humanoid/trader-luxuries.json"
  },
  {
    "op": "replace",
    "path": "/attributes/tradeProps/selling/list/0/stock/var",
    "value": 2.5,
    "file": "game:entities/humanoid/trader-luxuries.json"
  },
  {
    "op": "replace",
    "path": "/attributes/tradeProps/selling/list/1/price/avg",
    "value": 10,
    "file": "game:entities/humanoid/trader-luxuries.json"
  },
  {
    "op": "replace",
    "path": "/attributes/tradeProps/selling/list/1/price/var",
    "value": 2.5,
    "file": "game:entities/humanoid/trader-luxuries.json"
  },
  {
    "op": "replace",
    "path": "/attributes/tradeProps/selling/list/2/price/avg",
    "value": 10,
    "file": "game:entities/humanoid/trader-luxuries.json"
  },
  {
    "op": "replace",
    "path": "/attributes/tradeProps/selling/list/2/price/var",
    "value": 2.5,
    "file": "game:entities/humanoid/trader-luxuries.json"
  },
  {
    "op": "replace",
    "path": "/attributes/tradeProps/selling/list/3/price/avg",
    "value": 10,
    "file": "game:entities/humanoid/trader-luxuries.json"
  },
  {
    "op": "replace",
    "path": "/attributes/tradeProps/selling/list/3/price/var",
    "value": 2.5,
    "file": "game:entities/humanoid/trader-luxuries.json"
  },
  {
    "op": "replace",
    "path": "/attributes/tradeProps/selling/list/4/price/avg",
    "value": 10,
    "file": "game:entities/humanoid/trader-luxuries.json"
  },
  {
    "op": "replace",
    "path": "/attributes/tradeProps/selling/list/4/price/var",
    "value": 2.5,
    "file": "game:entities/humanoid/trader-luxuries.json"
  },
  {
    "op": "replace",
    "path": "/attributes/tradeProps/selling/list/5/price/avg",
    "value": 10,
    "file": "game:entities/humanoid/trader-luxuries.json"
  },
  {
    "op": "replace",
    "path": "/attributes/tradeProps/selling/list/5/price/var",
    "value": 2.5,
    "file": "game:entities/humanoid/trader-luxuries.json"
  },
  {
    "op": "replace",
    "path": "/attributes/tradeProps/selling/list/6/price/avg",
    "value": 10,
    "file": "game:entities/humanoid/trader-luxuries.json"
  },
  {
    "op": "replace",
    "path": "/attributes/tradeProps/selling/list/6/price/var",
    "value": 2.5,
    "file": "game:entities/humanoid/trader-luxuries.json"
  },
  {
    "op": "replace",
    "path": "/attributes/tradeProps/selling/list/7/price/avg",
    "value": 70,
    "file": "game:entities/humanoid/trader-luxuries.json"
  },
  {
    "op": "replace",
    "path": "/attributes/tradeProps/selling/list/7/price/var",
    "value": 17.5,
    "file": "game:entities/humanoid/trader-luxuries.json"
  },
  {
    "op": "replace",
    "path": "/attributes/tradeProps/selling/list/7/stock/avg",
    "value": 20,
    "file": "game:entities/humanoid/trader-luxuries.json"
  },
  {
    "op": "replace",
    "path": "/attributes/tradeProps/selling/list/7/stock/var",
    "value": 5,
    "file": "game:entities/humanoid/trader-luxuries.json"
  },
  {
    "op": "replace",
    "path": "/attributes/tradeProps/selling/list/8/price/avg",
    "value": 100,
    "file": "game:entities/humanoid/trader-luxuries.json"
  },
  {
    "op": "replace",
    "path": "/attributes/tradeProps/selling/list/8/price/var",
    "value": 25,
    "file": "game:entities/humanoid/trader-luxuries.json"
  },
  {
    "op": "replace",
    "path": "/attributes/tradeProps/selling/list/8/stock/avg",
    "value": 10,
    "file": "game:entities/humanoid/trader-luxuries.json"
  },
  {
    "op": "replace",
    "path": "/attributes/tradeProps/selling/list/8/stock/var",
    "value": 2.5,
    "file": "game:entities/humanoid/trader-luxuries.json"
  },
  {
    "op": "replace",
    "path": "/attributes/tradeProps/selling/list/9/price/avg",
    "value": 140,
    "file": "game:entities/humanoid/trader-luxuries.json"
  },
  {
    "op": "replace",
    "path": "/attributes/tradeProps/selling/list/9/price/var",
    "value": 35,
    "file": "game:entities/humanoid/trader-luxuries.json"
  },
  {
    "op": "replace",
    "path": "/attributes/tradeProps/selling/list/9/stock/avg",
    "value": 10,
    "file": "game:entities/humanoid/trader-luxuries.json"
  },
  {
    "op": "replace",
    "path": "/attributes/tradeProps/selling/list/9/stock/var",
    "value": 2.5,
    "file": "game:entities/humanoid/trader-luxuries.json"
  },
  {
    "op": "replace",
    "path": "/attributes/tradeProps/selling/list/10/price/avg",
    "value": 100,
    "file": "game:entities/humanoid/trader-luxuries.json"
  },
  {
    "op": "replace",
    "path": "/attributes/tradeProps/selling/list/10/price/var",
    "value": 25,
    "file": "game:entities/humanoid/trader-luxuries.json"
  },
  {
    "op": "replace",
    "path": "/attributes/tradeProps/selling/list/10/stock/avg",
    "value": 20,
    "file": "game:entities/humanoid/trader-luxuries.json"
  },
  {
    "op": "replace",
    "path": "/attributes/tradeProps/selling/list/10/stock/var",
    "value": 5,
    "file": "game:entities/humanoid/trader-luxuries.json"
  },
  {
    "op": "replace",
    "path": "/attributes/tradeProps/selling/list/11/price/avg",
    "value": 70,
    "file": "game:entities/humanoid/trader-luxuries.json"
  },
  {
    "op": "replace",
    "path": "/attributes/tradeProps/selling/list/11/price/var",
    "value": 17.5,
    "file": "game:entities/humanoid/trader-luxuries.json"
  },
  {
    "op": "replace",
    "path": "/attributes/tradeProps/selling/list/11/stock/avg",
    "value": 10,
    "file": "game:entities/humanoid/trader-luxuries.json"
  },
  {
    "op": "replace",
    "path": "/attributes/tradeProps/selling/list/11/stock/var",
    "value": 2.5,
    "file": "game:entities/humanoid/trader-luxuries.json"
  },
  {
    "op": "replace",
    "path": "/attributes/tradeProps/selling/list/12/price/avg",
    "value": 160,
    "file": "game:entities/humanoid/trader-luxuries.json"
  },
  {
    "op": "replace",
    "path": "/attributes/tradeProps/selling/list/12/price/var",
    "value": 40,
    "file": "game:entities/humanoid/trader-luxuries.json"
  },
  {
    "op": "replace",
    "path": "/attributes/tradeProps/selling/list/12/stock/avg",
    "value": 10,
    "file": "game:entities/humanoid/trader-luxuries.json"
  },
  {
    "op": "replace",
    "path": "/attributes/tradeProps/selling/list/12/stock/var",
    "value": 2.5,
    "file": "game:entities/humanoid/trader-luxuries.json"
  },
  {
    "op": "replace",
    "path": "/attributes/tradeProps/selling/list/13/price/avg",
    "value": 90,
    "file": "game:entities/humanoid/trader-luxuries.json"
  },
  {
    "op": "replace",
    "path": "/attributes/tradeProps/selling/list/13/price/var",
    "value": 22.5,
    "file": "game:entities/humanoid/trader-luxuries.json"
  },
  {
    "op": "replace",
    "path": "/attributes/tradeProps/selling/list/13/stock/avg",
    "value": 20,
    "file": "game:entities/humanoid/trader-luxuries.json"
  },
  {
    "op": "replace",
    "path": "/attributes/tradeProps/selling/list/13/stock/var",
    "value": 5,
    "file": "game:entities/humanoid/trader-luxuries.json"
  },
  {
    "op": "replace",
    "path": "/attributes/tradeProps/selling/list/14/price/avg",
    "value": 80,
    "file": "game:entities/humanoid/trader-luxuries.json"
  },
  {
    "op": "replace",
    "path": "/attributes/tradeProps/selling/list/14/price/var",
    "value": 20,
    "file": "game:entities/humanoid/trader-luxuries.json"
  },
  {
    "op": "replace",
    "path": "/attributes/tradeProps/selling/list/14/stock/avg",
    "value": 20,
    "file": "game:entities/humanoid/trader-luxuries.json"
  },
  {
    "op": "replace",
    "path": "/attributes/tradeProps/selling/list/14/stock/var",
    "value": 5,
    "file": "game:entities/humanoid/trader-luxuries.json"
  },
  {
    "op": "replace",
    "path": "/attributes/tradeProps/selling/list/15/price/avg",
    "value": 130,
    "file": "game:entities/humanoid/trader-luxuries.json"
  },
  {
    "op": "replace",
    "path": "/attributes/tradeProps/selling/list/15/price/var",
    "value": 32.5,
    "file": "game:entities/humanoid/trader-luxuries.json"
  },
  {
    "op": "replace",
    "path": "/attributes/tradeProps/selling/list/15/stock/avg",
    "value": 10,
    "file": "game:entities/humanoid/trader-luxuries.json"
  },
  {
    "op": "replace",
    "path": "/attributes/tradeProps/selling/list/15/stock/var",
    "value": 2.5,
    "file": "game:entities/humanoid/trader-luxuries.json"
  },
  {
    "op": "replace",
    "path": "/attributes/tradeProps/selling/list/16/price/avg",
    "value": 170,
    "file": "game:entities/humanoid/trader-luxuries.json"
  },
  {
    "op": "replace",
    "path": "/attributes/tradeProps/selling/list/16/price/var",
    "value": 42.5,
    "file": "game:entities/humanoid/trader-luxuries.json"
  },
  {
    "op": "replace",
    "path": "/attributes/tradeProps/selling/list/16/stock/avg",
    "value": 10,
    "file": "game:entities/humanoid/trader-luxuries.json"
  },
  {
    "op": "replace",
    "path": "/attributes/tradeProps/selling/list/16/stock/var",
    "value": 2.5,
    "file": "game:entities/humanoid/trader-luxuries.json"
  },
  {
    "op": "replace",
    "path": "/attributes/tradeProps/selling/list/17/price/avg",
    "value": 130,
    "file": "game:entities/humanoid/trader-luxuries.json"
  },
  {
    "op": "replace",
    "path": "/attributes/tradeProps/selling/list/17/price/var",
    "value": 32.5,
    "file": "game:entities/humanoid/trader-luxuries.json"
  },
  {
    "op": "replace",
    "path": "/attributes/tradeProps/selling/list/17/stock/avg",
    "value": 10,
    "file": "game:entities/humanoid/trader-luxuries.json"
  },
  {
    "op": "replace",
    "path": "/attributes/tradeProps/selling/list/17/stock/var",
    "value": 2.5,
    "file": "game:entities/humanoid/trader-luxuries.json"
  },
  {
    "op": "replace",
    "path": "/attributes/tradeProps/selling/list/18/price/avg",
    "value": 90,
    "file": "game:entities/humanoid/trader-luxuries.json"
  },
  {
    "op": "replace",
    "path": "/attributes/tradeProps/selling/list/18/price/var",
    "value": 22.5,
    "file": "game:entities/humanoid/trader-luxuries.json"
  },
  {
    "op": "replace",
    "path": "/attributes/tradeProps/selling/list/18/stock/avg",
    "value": 20,
    "file": "game:entities/humanoid/trader-luxuries.json"
  },
  {
    "op": "replace",
    "path": "/attributes/tradeProps/selling/list/18/stock/var",
    "value": 5,
    "file": "game:entities/humanoid/trader-luxuries.json"
  },
  {
    "op": "replace",
    "path": "/attributes/tradeProps/selling/list/19/stock/avg",
    "value": 10,
    "file": "game:entities/humanoid/trader-luxuries.json"
  },
  {
    "op": "replace",
    "path": "/attributes/tradeProps/selling/list/19/stock/var",
    "value": 2.5,
    "file": "game:entities/humanoid/trader-luxuries.json"
  },
  {
    "op": "replace",
    "path": "/attributes/tradeProps/selling/list/20/price/avg",
    "value": 20,
    "file": "game:entities/humanoid/trader-luxuries.json"
  },
  {
    "op": "replace",
    "path": "/attributes/tradeProps/selling/list/20/price/var",
    "value": 5,
    "file": "game:entities/humanoid/trader-luxuries.json"
  },
  {
    "op": "replace",
    "path": "/attributes/tradeProps/selling/list/21/price/avg",
    "value": 30,
    "file": "game:entities/humanoid/trader-luxuries.json"
  },
  {
    "op": "replace",
    "path": "/attributes/tradeProps/selling/list/21/price/var",
    "value": 7.5,
    "file": "game:entities/humanoid/trader-luxuries.json"
  },
  {
    "op": "replace",
    "path": "/attributes/tradeProps/selling/list/22/stock/avg",
    "value": 10,
    "file": "game:entities/humanoid/trader-luxuries.json"
  },
  {
    "op": "replace",
    "path": "/attributes/tradeProps/selling/list/22/stock/var",
    "value": 2.5,
    "file": "game:entities/humanoid/trader-luxuries.json"
  },
  {
    "op": "replace",
    "path": "/attributes/tradeProps/selling/list/23/stock/avg",
    "value": 10,
    "file": "game:entities/humanoid/trader-luxuries.json"
  },
  {
    "op": "replace",
    "path": "/attributes/tradeProps/selling/list/23/stock/var",
    "value": 2.5,
    "file": "game:entities/humanoid/trader-luxuries.json"
  },
  {
    "op": "replace",
    "path": "/attributes/tradeProps/selling/list/24/stock/avg",
    "value": 40,
    "file": "game:entities/humanoid/trader-luxuries.json"
  },
  {
    "op": "replace",
    "path": "/attributes/tradeProps/selling/list/24/stock/var",
    "value": 12,
    "file": "game:entities/humanoid/trader-luxuries.json"
  },
  {
    "op": "replace",
    "path": "/attributes/tradeProps/selling/list/25/stock/avg",
    "value": 10,
    "file": "game:entities/humanoid/trader-luxuries.json"
  },
  {
    "op": "replace",
    "path": "/attributes/tradeProps/selling/list/25/stock/var",
    "value": 2.5,
    "file": "game:entities/humanoid/trader-luxuries.json"
  },
  {
    "op": "replace",
    "path": "/attributes/tradeProps/selling/list/26/price/avg",
    "value": 80,
    "file": "game:entities/humanoid/trader-luxuries.json"
  },
  {
    "op": "replace",
    "path": "/attributes/tradeProps/selling/list/26/price/var",
    "value": 20,
    "file": "game:entities/humanoid/trader-luxuries.json"
  },
  {
    "op": "replace",
    "path": "/attributes/tradeProps/selling/list/26/stock/avg",
    "value": 10,
    "file": "game:entities/humanoid/trader-luxuries.json"
  },
  {
    "op": "replace",
    "path": "/attributes/tradeProps/selling/list/26/stock/var",
    "value": 2.5,
    "file": "game:entities/humanoid/trader-luxuries.json"
  },
  {
    "op": "replace",
    "path": "/attributes/tradeProps/selling/list/27/stock/avg",
    "value": 10,
    "file": "game:entities/humanoid/trader-luxuries.json"
  },
  {
    "op": "replace",
    "path": "/attributes/tradeProps/selling/list/27/stock/var",
    "value": 2.5,
    "file": "game:entities/humanoid/trader-luxuries.json"
  },
  {
    "op": "replace",
    "path": "/attributes/tradeProps/selling/list/28/price/avg",
    "value": 80,
    "file": "game:entities/humanoid/trader-luxuries.json"
  },
  {
    "op": "replace",
    "path": "/attributes/tradeProps/selling/list/28/price/var",
    "value": 20,
    "file": "game:entities/humanoid/trader-luxuries.json"
  },
  {
    "op": "replace",
    "path": "/attributes/tradeProps/selling/list/28/stock/avg",
    "value": 10,
    "file": "game:entities/humanoid/trader-luxuries.json"
  },
  {
    "op": "replace",
    "path": "/attributes/tradeProps/selling/list/28/stock/var",
    "value": 2.5,
    "file": "game:entities/humanoid/trader-luxuries.json"
  },
  {
    "op": "replace",
    "path": "/attributes/tradeProps/selling/list/29/stock/avg",
    "value": 10,
    "file": "game:entities/humanoid/trader-luxuries.json"
  },
  {
    "op": "replace",
    "path": "/attributes/tradeProps/selling/list/29/stock/var",
    "value": 2.5,
    "file": "game:entities/humanoid/trader-luxuries.json"
  },
  {
    "op": "replace",
    "path": "/attributes/tradeProps/selling/list/30/stock/avg",
    "value": 10,
    "file": "game:entities/humanoid/trader-luxuries.json"
  },
  {
    "op": "replace",
    "path": "/attributes/tradeProps/selling/list/30/stock/var",
    "value": 2.5,
    "file": "game:entities/humanoid/trader-luxuries.json"
  },
  {
    "op": "replace",
    "path": "/attributes/tradeProps/selling/list/31/stock/avg",
    "value": 10,
    "file": "game:entities/humanoid/trader-luxuries.json"
  },
  {
    "op": "replace",
    "path": "/attributes/tradeProps/selling/list/31/stock/var",
    "value": 2.5,
    "file": "game:entities/humanoid/trader-luxuries.json"
  },
  {
    "op": "replace",
    "path": "/attributes/tradeProps/selling/list/32/stock/avg",
    "value": 10,
    "file": "game:entities/humanoid/trader-luxuries.json"
  },
  {
    "op": "replace",
    "path": "/attributes/tradeProps/selling/list/32/stock/var",
    "value": 2.5,
    "file": "game:entities/humanoid/trader-luxuries.json"
  },
  {
    "op": "replace",
    "path": "/attributes/tradeProps/selling/list/33/stock/avg",
    "value": 10,
    "file": "game:entities/humanoid/trader-luxuries.json"
  },
  {
    "op": "replace",
    "path": "/attributes/tradeProps/selling/list/33/stock/var",
    "value": 2.5,
    "file": "game:entities/humanoid/trader-luxuries.json"
  },
  {
    "op": "replace",
    "path": "/attributes/tradeProps/selling/list/34/stock/avg",
    "value": 10,
    "file": "game:entities/humanoid/trader-luxuries.json"
  },
  {
    "op": "replace",
    "path": "/attributes/tradeProps/selling/list/34/stock/var",
    "value": 2.5,
    "file": "game:entities/humanoid/trader-luxuries.json"
  },
  {
    "op": "replace",
    "path": "/attributes/tradeProps/selling/list/35/stock/avg",
    "value": 10,
    "file": "game:entities/humanoid/trader-luxuries.json"
  },
  {
    "op": "replace",
    "path": "/attributes/tradeProps/selling/list/35/stock/var",
    "value": 2.5,
    "file": "game:entities/humanoid/trader-luxuries.json"
  },
  {
    "op": "replace",
    "path": "/attributes/tradeProps/selling/list/36/price/avg",
    "value": 20,
    "file": "game:entities/humanoid/trader-luxuries.json"
  },
  {
    "op": "replace",
    "path": "/attributes/tradeProps/selling/list/36/price/var",
    "value": 5,
    "file": "game:entities/humanoid/trader-luxuries.json"
  },
  {
    "op": "replace",
    "path": "/attributes/tradeProps/selling/list/36/stock/avg",
    "value": 20,
    "file": "game:entities/humanoid/trader-luxuries.json"
  },
  {
    "op": "replace",
    "path": "/attributes/tradeProps/selling/list/36/stock/var",
    "value": 5,
    "file": "game:entities/humanoid/trader-luxuries.json"
  },
  {
    "op": "replace",
    "path": "/attributes/tradeProps/selling/list/37/price/avg",
    "value": 20,
    "file": "game:entities/humanoid/trader-luxuries.json"
  },
  {
    "op": "replace",
    "path": "/attributes/tradeProps/selling/list/37/price/var",
    "value": 5,
    "file": "game:entities/humanoid/trader-luxuries.json"
  },
  {
    "op": "replace",
    "path": "/attributes/tradeProps/selling/list/37/stock/avg",
    "value": 20,
    "file": "game:entities/humanoid/trader-luxuries.json"
  },
  {
    "op": "replace",
    "path": "/attributes/tradeProps/selling/list/37/stock/var",
    "value": 5,
    "file": "game:entities/humanoid/trader-luxuries.json"
  },
  {
    "op": "replace",
    "path": "/attributes/tradeProps/selling/maxItems",
    "value": 0,
    "file": "game:entities/humanoid/trader-luxuries.json"
  }
]