[
  {
    "op": "replace",
    "path": "/0/ingredientPattern",
    "value": "QCQ\tRPR",
    "file": "game:recipes/grid/lantern.json"
  },
  {
    "op": "add",
    "path": "/0/ingredients/R",
    "value": {
      "type": "Item",
      "code": "hammersringingfall:rivet-*",
      "quantity": 2
    },
    "file": "game:recipes/grid/lantern.json"
  },
  {
    "op": "replace",
    "path": "/1/ingredientPattern",
    "value": "QCQ\tRPL",
    "file": "game:recipes/grid/lantern.json"
  },
  {
    "op": "add",
    "path": "/1/ingredients/R",
    "value": {
      "type": "Item",
      "code": "hammersringingfall:rivet-*",
      "quantity": 4
    },
    "file": "game:recipes/grid/lantern.json"
  },
  {
    "op": "replace",
    "path": "/2/ingredientPattern",
    "value": "QCQ\tRPL",
    "file": "game:recipes/grid/lantern.json"
  },
  {
    "op": "add",
    "path": "/2/ingredients/R",
    "value": {
      "type": "Item",
      "code": "hammersringingfall:rivet-*",
      "quantity": 4
    },
    "file": "game:recipes/grid/lantern.json"
  },
  {
    "op": "replace",
    "path": "/3/ingredientPattern",
    "value": "QCQ\tRPR",
    "file": "game:recipes/grid/lantern.json"
  },
  {
    "op": "add",
    "path": "/3/ingredients/R",
    "value": {
      "type": "Item",
      "code": "hammersringingfall:rivet-*",
      "quantity": 2
    },
    "file": "game:recipes/grid/lantern.json"
  },
  {
    "op": "replace",
    "path": "/4/ingredientPattern",
    "value": "QCQ\tRPL",
    "file": "game:recipes/grid/lantern.json"
  },
  {
    "op": "add",
    "path": "/4/ingredients/R",
    "value": {
      "type": "Item",
      "code": "hammersringingfall:rivet-*",
      "quantity": 4
    },
    "file": "game:recipes/grid/lantern.json"
  },
  {
    "op": "replace",
    "path": "/5/ingredientPattern",
    "value": "QCQ\tRPL",
    "file": "game:recipes/grid/lantern.json"
  },
  {
    "op": "add",
    "path": "/5/ingredients/R",
    "value": {
      "type": "Item",
      "code": "hammersringingfall:rivet-*",
      "quantity": 4
    },
    "file": "game:recipes/grid/lantern.json"
  }
]