[
  {
    "op": "replace",
    "path": "/ingredientPattern",
    "value": "PSP\tPNP",
    "file": "game:recipes/grid/woodenfence.json"
  },
  {
    "op": "add",
    "path": "/ingredients/N",
    "value": {
      "type": "Item",
      "code": "hammersringingfall:nail-*",
      "quantity": 4
    },
    "file": "game:recipes/grid/woodenfence.json"
  },
  {
    "op": "add",
    "path": "/ingredients/P/quantity",
    "value": 4,
    "file": "game:recipes/grid/woodenfence.json"
  },
  {
    "op": "add",
    "path": "/ingredients/S/quantity",
    "value": 4,
    "file": "game:recipes/grid/woodenfence.json"
  }
]