[
  {
    "op": "add",
    "path": "/0/ingredients/W/quantity",
    "value": 2,
    "file": "game:recipes/grid/rope.json"
  },
  {
    "op": "replace",
    "path": "/0/output/quantity",
    "value": 2,
    "file": "game:recipes/grid/rope.json"
  },
  {
    "op": "replace",
    "path": "/1/ingredients/L/quantity",
    "value": 4,
    "file": "game:recipes/grid/rope.json"
  },
  {
    "op": "replace",
    "path": "/1/output/quantity",
    "value": 2,
    "file": "game:recipes/grid/rope.json"
  },
  {
    "op": "replace",
    "path": "/2/ingredients/P/quantity",
    "value": 4,
    "file": "game:recipes/grid/rope.json"
  },
  {
    "op": "replace",
    "path": "/2/output/quantity",
    "value": 2,
    "file": "game:recipes/grid/rope.json"
  }
]