[
  {
    "op": "replace",
    "path": "/ingredientPattern",
    "value": "WWW\tSNS\tWWW",
    "file": "game:recipes/grid/trapdoor.json"
  },
  {
    "op": "add",
    "path": "/ingredients/N",
    "value": {
      "type": "Item",
      "code": "hammersringingfall:nail-*",
      "quantity": 4
    },
    "file": "game:recipes/grid/trapdoor.json"
  },
  {
    "op": "add",
    "path": "/ingredients/S/quantity",
    "value": 2,
    "file": "game:recipes/grid/trapdoor.json"
  },
  {
    "op": "add",
    "path": "/ingredients/W/quantity",
    "value": 2,
    "file": "game:recipes/grid/trapdoor.json"
  }
]