[
  {
    "op": "replace",
    "path": "/0/sealHours",
    "value": 72,
    "file": "game:recipes/barrel/pulp.json"
  },
  {
    "op": "replace",
    "path": "/1/output/stackSize",
    "value": 2,
    "file": "game:recipes/barrel/pulp.json"
  },
  {
    "op": "replace",
    "path": "/1/sealHours",
    "value": 72,
    "file": "game:recipes/barrel/pulp.json"
  },
  {
    "op": "replace",
    "path": "/2/sealHours",
    "value": 72,
    "file": "game:recipes/barrel/pulp.json"
  }
]