[
  {
    "op": "replace",
    "path": "/0/ingredients/C/quantity",
    "value": 8,
    "file": "game:recipes/grid/mudbricks.json"
  },
  {
    "op": "replace",
    "path": "/0/ingredients/G/quantity",
    "value": 4,
    "file": "game:recipes/grid/mudbricks.json"
  },
  {
    "op": "add",
    "path": "/0/ingredients/L/quantity",
    "value": 2,
    "file": "game:recipes/grid/mudbricks.json"
  },
  {
    "op": "add",
    "path": "/0/ingredients/S/quantity",
    "value": 2,
    "file": "game:recipes/grid/mudbricks.json"
  },
  {
    "op": "replace",
    "path": "/1/ingredients/C/quantity",
    "value": 8,
    "file": "game:recipes/grid/mudbricks.json"
  },
  {
    "op": "replace",
    "path": "/1/ingredients/G/quantity",
    "value": 4,
    "file": "game:recipes/grid/mudbricks.json"
  },
  {
    "op": "add",
    "path": "/1/ingredients/L/quantity",
    "value": 2,
    "file": "game:recipes/grid/mudbricks.json"
  }
]