[
  {
    "op": "replace",
    "path": "/ingredients/0/consumeLitres",
    "value": 50,
    "file": "game:recipes/barrel/pickledvegetable.json"
  },
  {
    "op": "replace",
    "path": "/ingredients/0/litres",
    "value": 50,
    "file": "game:recipes/barrel/pickledvegetable.json"
  },
  {
    "op": "replace",
    "path": "/ingredients/1/quantity",
    "value": 32,
    "file": "game:recipes/barrel/pickledvegetable.json"
  },
  {
    "op": "replace",
    "path": "/output/stackSize",
    "value": 32,
    "file": "game:recipes/barrel/pickledvegetable.json"
  }
]