[
  {
    "op": "remove",
    "path": "/0/attributes/placeblock/allowedVariantsByInBlock/rock-andesite/2",
    "file": "game:worldgen/deposits/metalore/bismuthinite.json"
  },
  {
    "op": "remove",
    "path": "/0/attributes/placeblock/allowedVariantsByInBlock/rock-basalt/1",
    "file": "game:worldgen/deposits/metalore/bismuthinite.json"
  },
  {
    "op": "remove",
    "path": "/0/attributes/placeblock/allowedVariantsByInBlock/rock-basalt/1",
    "file": "game:worldgen/deposits/metalore/bismuthinite.json"
  },
  {
    "op": "remove",
    "path": "/0/attributes/placeblock/allowedVariantsByInBlock/rock-basalt/1",
    "file": "game:worldgen/deposits/metalore/bismuthinite.json"
  },
  {
    "op": "remove",
    "path": "/0/attributes/placeblock/allowedVariantsByInBlock/rock-granite/1",
    "file": "game:worldgen/deposits/metalore/bismuthinite.json"
  },
  {
    "op": "remove",
    "path": "/0/attributes/placeblock/allowedVariantsByInBlock/rock-granite/1",
    "file": "game:worldgen/deposits/metalore/bismuthinite.json"
  },
  {
    "op": "remove",
    "path": "/0/attributes/placeblock/allowedVariantsByInBlock/rock-peridotite/1",
    "file": "game:worldgen/deposits/metalore/bismuthinite.json"
  },
  {
    "op": "remove",
    "path": "/0/attributes/placeblock/allowedVariantsByInBlock/rock-peridotite/1",
    "file": "game:worldgen/deposits/metalore/bismuthinite.json"
  },
  {
    "op": "remove",
    "path": "/0/attributes/placeblock/allowedVariantsByInBlock/rock-phyllite/1",
    "file": "game:worldgen/deposits/metalore/bismuthinite.json"
  },
  {
    "op": "remove",
    "path": "/0/attributes/placeblock/allowedVariantsByInBlock/rock-slate/1",
    "file": "game:worldgen/deposits/metalore/bismuthinite.json"
  },
  {
    "op": "replace",
    "path": "/0/attributes/radius/avg",
    "value": 10,
    "file": "game:worldgen/deposits/metalore/bismuthinite.json"
  },
  {
    "op": "replace",
    "path": "/0/attributes/radius/var",
    "value": 9,
    "file": "game:worldgen/deposits/metalore/bismuthinite.json"
  },
  {
    "op": "replace",
    "path": "/0/attributes/thickness/avg",
    "value": 8,
    "file": "game:worldgen/deposits/metalore/bismuthinite.json"
  },
  {
    "op": "replace",
    "path": "/0/attributes/thickness/var",
    "value": 7,
    "file": "game:worldgen/deposits/metalore/bismuthinite.json"
  },
  {
    "op": "replace",
    "path": "/0/attributes/yPosRel/avg",
    "value": 2,
    "file": "game:worldgen/deposits/metalore/bismuthinite.json"
  },
  {
    "op": "replace",
    "path": "/0/attributes/yPosRel/var",
    "value": 2,
    "file": "game:worldgen/deposits/metalore/bismuthinite.json"
  },
  {
    "op": "replace",
    "path": "/0/triesPerChunk",
    "value": 0.004,
    "file": "game:worldgen/deposits/metalore/bismuthinite.json"
  }
]