[
  {
    "op": "add",
    "path": "/0/ingredients/F/quantity",
    "value": 2,
    "file": "game:recipes/grid/mechpowerblocks.json"
  },
  {
    "op": "add",
    "path": "/0/ingredients/R/quantity",
    "value": 2,
    "file": "game:recipes/grid/mechpowerblocks.json"
  },
  {
    "op": "replace",
    "path": "/0/ingredients/S/quantity",
    "value": 1,
    "file": "game:recipes/grid/mechpowerblocks.json"
  },
  {
    "op": "add",
    "path": "/1/ingredients/F/quantity",
    "value": 2,
    "file": "game:recipes/grid/mechpowerblocks.json"
  },
  {
    "op": "replace",
    "path": "/1/output/quantity",
    "value": 1,
    "file": "game:recipes/grid/mechpowerblocks.json"
  },
  {
    "op": "replace",
    "path": "/2/ingredients/P/code",
    "value": "hammersringingfall:toolhaft-short-finished",
    "file": "game:recipes/grid/mechpowerblocks.json"
  },
  {
    "op": "replace",
    "path": "/2/ingredients/P/type",
    "value": "Item",
    "file": "game:recipes/grid/mechpowerblocks.json"
  },
  {
    "op": "replace",
    "path": "/3/ingredients/L/code",
    "value": "game:linen-*",
    "file": "game:recipes/grid/mechpowerblocks.json"
  },
  {
    "op": "replace",
    "path": "/3/ingredients/S/code",
    "value": "hammersringingfall:toolhaft-medium-finished",
    "file": "game:recipes/grid/mechpowerblocks.json"
  },
  {
    "op": "replace",
    "path": "/3/ingredients/S/type",
    "value": "Item",
    "file": "game:recipes/grid/mechpowerblocks.json"
  },
  {
    "op": "replace",
    "path": "/3/output/code",
    "value": "game:sail",
    "file": "game:recipes/grid/mechpowerblocks.json"
  },
  {
    "op": "replace",
    "path": "/4/ingredients/R/quantity",
    "value": 4,
    "file": "game:recipes/grid/mechpowerblocks.json"
  },
  {
    "op": "add",
    "path": "/5/ingredients/P/quantity",
    "value": 3,
    "file": "game:recipes/grid/mechpowerblocks.json"
  },
  {
    "op": "add",
    "path": "/5/ingredients/R/quantity",
    "value": 2,
    "file": "game:recipes/grid/mechpowerblocks.json"
  },
  {
    "op": "replace",
    "path": "/8/ingredients/A/quantity",
    "value": 3,
    "file": "game:recipes/grid/mechpowerblocks.json"
  },
  {
    "op": "replace",
    "path": "/8/ingredients/P/quantity",
    "value": 6,
    "file": "game:recipes/grid/mechpowerblocks.json"
  },
  {
    "op": "replace",
    "path": "/8/ingredients/R/quantity",
    "value": 4,
    "file": "game:recipes/grid/mechpowerblocks.json"
  },
  {
    "op": "replace",
    "path": "/8/ingredients/S/code",
    "value": "hammersringingfall:toolhaft-short-finished",
    "file": "game:recipes/grid/mechpowerblocks.json"
  },
  {
    "op": "replace",
    "path": "/9/ingredients/R/quantity",
    "value": 4,
    "file": "game:recipes/grid/mechpowerblocks.json"
  },
  {
    "op": "replace",
    "path": "/9/ingredients/S/code",
    "value": "hammersringingfall:toolhaft-short-finished",
    "file": "game:recipes/grid/mechpowerblocks.json"
  },
  {
    "op": "add",
    "path": "/10/ingredients/F/quantity",
    "value": 2,
    "file": "game:recipes/grid/mechpowerblocks.json"
  },
  {
    "op": "replace",
    "path": "/10/ingredients/R/quantity",
    "value": 4,
    "file": "game:recipes/grid/mechpowerblocks.json"
  },
  {
    "op": "add",
    "path": "/11/ingredients/C/quantity",
    "value": 2,
    "file": "game:recipes/grid/mechpowerblocks.json"
  },
  {
    "op": "add",
    "path": "/11/ingredients/X/quantity",
    "value": 2,
    "file": "game:recipes/grid/mechpowerblocks.json"
  },
  {
    "op": "add",
    "path": "/12/ingredients/C/quantity",
    "value": 2,
    "file": "game:recipes/grid/mechpowerblocks.json"
  },
  {
    "op": "add",
    "path": "/12/ingredients/X/quantity",
    "value": 2,
    "file": "game:recipes/grid/mechpowerblocks.json"
  }
]