[
  {
    "op": "remove",
    "path": "/0/attributes/placeblock/allowedVariantsByInBlock/rock-basalt/1",
    "file": "game:worldgen/deposits/metalore/iron.json"
  },
  {
    "op": "remove",
    "path": "/0/attributes/placeblock/allowedVariantsByInBlock/rock-chert/2",
    "file": "game:worldgen/deposits/metalore/iron.json"
  },
  {
    "op": "remove",
    "path": "/0/attributes/placeblock/allowedVariantsByInBlock/rock-chert/2",
    "file": "game:worldgen/deposits/metalore/iron.json"
  },
  {
    "op": "remove",
    "path": "/0/attributes/placeblock/allowedVariantsByInBlock/rock-shale/1",
    "file": "game:worldgen/deposits/metalore/iron.json"
  },
  {
    "op": "remove",
    "path": "/0/attributes/placeblock/allowedVariantsByInBlock/rock-shale/1",
    "file": "game:worldgen/deposits/metalore/iron.json"
  },
  {
    "op": "remove",
    "path": "/0/attributes/placeblock/allowedVariantsByInBlock/rock-shale/1",
    "file": "game:worldgen/deposits/metalore/iron.json"
  },
  {
    "op": "replace",
    "path": "/0/attributes/radius/avg",
    "value": 5,
    "file": "game:worldgen/deposits/metalore/iron.json"
  },
  {
    "op": "replace",
    "path": "/0/attributes/radius/var",
    "value": 26,
    "file": "game:worldgen/deposits/metalore/iron.json"
  },
  {
    "op": "replace",
    "path": "/0/attributes/thickness/var",
    "value": 8,
    "file": "game:worldgen/deposits/metalore/iron.json"
  },
  {
    "op": "replace",
    "path": "/0/attributes/yPosRel/avg",
    "value": 2,
    "file": "game:worldgen/deposits/metalore/iron.json"
  },
  {
    "op": "replace",
    "path": "/0/attributes/yPosRel/var",
    "value": 2,
    "file": "game:worldgen/deposits/metalore/iron.json"
  },
  {
    "op": "replace",
    "path": "/0/triesPerChunk",
    "value": 0.002,
    "file": "game:worldgen/deposits/metalore/iron.json"
  },
  {
    "op": "remove",
    "path": "/1/attributes/placeblock/allowedVariantsByInBlock/rock-granite/1",
    "file": "game:worldgen/deposits/metalore/iron.json"
  },
  {
    "op": "remove",
    "path": "/1/attributes/placeblock/allowedVariantsByInBlock/rock-granite/1",
    "file": "game:worldgen/deposits/metalore/iron.json"
  },
  {
    "op": "remove",
    "path": "/1/attributes/placeblock/allowedVariantsByInBlock/rock-granite/1",
    "file": "game:worldgen/deposits/metalore/iron.json"
  },
  {
    "op": "remove",
    "path": "/1/attributes/placeblock/allowedVariantsByInBlock/rock-limestone/1",
    "file": "game:worldgen/deposits/metalore/iron.json"
  },
  {
    "op": "remove",
    "path": "/1/attributes/placeblock/allowedVariantsByInBlock/rock-limestone/1",
    "file": "game:worldgen/deposits/metalore/iron.json"
  },
  {
    "op": "remove",
    "path": "/1/attributes/placeblock/allowedVariantsByInBlock/rock-peridotite/2",
    "file": "game:worldgen/deposits/metalore/iron.json"
  },
  {
    "op": "remove",
    "path": "/1/attributes/placeblock/allowedVariantsByInBlock/rock-peridotite/2",
    "file": "game:worldgen/deposits/metalore/iron.json"
  },
  {
    "op": "remove",
    "path": "/1/attributes/placeblock/allowedVariantsByInBlock/rock-phyllite/1",
    "file": "game:worldgen/deposits/metalore/iron.json"
  },
  {
    "op": "replace",
    "path": "/1/attributes/radius/avg",
    "value": 15,
    "file": "game:worldgen/deposits/metalore/iron.json"
  },
  {
    "op": "replace",
    "path": "/1/attributes/radius/var",
    "value": 16,
    "file": "game:worldgen/deposits/metalore/iron.json"
  },
  {
    "op": "replace",
    "path": "/1/attributes/thickness/avg",
    "value": 7,
    "file": "game:worldgen/deposits/metalore/iron.json"
  },
  {
    "op": "replace",
    "path": "/1/attributes/thickness/var",
    "value": 8,
    "file": "game:worldgen/deposits/metalore/iron.json"
  },
  {
    "op": "replace",
    "path": "/1/attributes/yPosRel/avg",
    "value": 2,
    "file": "game:worldgen/deposits/metalore/iron.json"
  },
  {
    "op": "replace",
    "path": "/1/attributes/yPosRel/var",
    "value": 2,
    "file": "game:worldgen/deposits/metalore/iron.json"
  },
  {
    "op": "replace",
    "path": "/1/triesPerChunk",
    "value": 0.00125,
    "file": "game:worldgen/deposits/metalore/iron.json"
  },
  {
    "op": "remove",
    "path": "/2/attributes/placeblock/allowedVariantsByInBlock/rock-andesite/1",
    "file": "game:worldgen/deposits/metalore/iron.json"
  },
  {
    "op": "remove",
    "path": "/2/attributes/placeblock/allowedVariantsByInBlock/rock-andesite/1",
    "file": "game:worldgen/deposits/metalore/iron.json"
  },
  {
    "op": "remove",
    "path": "/2/attributes/placeblock/allowedVariantsByInBlock/rock-chalk/1",
    "file": "game:worldgen/deposits/metalore/iron.json"
  },
  {
    "op": "remove",
    "path": "/2/attributes/placeblock/allowedVariantsByInBlock/rock-claystone/1",
    "file": "game:worldgen/deposits/metalore/iron.json"
  },
  {
    "op": "remove",
    "path": "/2/attributes/placeblock/allowedVariantsByInBlock/rock-slate/1",
    "file": "game:worldgen/deposits/metalore/iron.json"
  },
  {
    "op": "replace",
    "path": "/2/attributes/radius/avg",
    "value": 5,
    "file": "game:worldgen/deposits/metalore/iron.json"
  },
  {
    "op": "replace",
    "path": "/2/attributes/radius/var",
    "value": 26,
    "file": "game:worldgen/deposits/metalore/iron.json"
  },
  {
    "op": "replace",
    "path": "/2/attributes/thickness/var",
    "value": 8,
    "file": "game:worldgen/deposits/metalore/iron.json"
  },
  {
    "op": "replace",
    "path": "/2/attributes/yPosRel/avg",
    "value": 2,
    "file": "game:worldgen/deposits/metalore/iron.json"
  },
  {
    "op": "replace",
    "path": "/2/attributes/yPosRel/var",
    "value": 2,
    "file": "game:worldgen/deposits/metalore/iron.json"
  },
  {
    "op": "replace",
    "path": "/2/triesPerChunk",
    "value": 0.00075,
    "file": "game:worldgen/deposits/metalore/iron.json"
  }
]