[
  {
    "op": "replace",
    "path": "/0/ingredients/0/quantity",
    "value": 4,
    "file": "game:recipes/barrel/strongtannin.json"
  },
  {
    "op": "replace",
    "path": "/0/sealHours",
    "value": 72,
    "file": "game:recipes/barrel/strongtannin.json"
  },
  {
    "op": "replace",
    "path": "/1/ingredients/0/quantity",
    "value": 4,
    "file": "game:recipes/barrel/strongtannin.json"
  },
  {
    "op": "replace",
    "path": "/1/sealHours",
    "value": 72,
    "file": "game:recipes/barrel/strongtannin.json"
  }
]