[
  {
    "op": "replace",
    "path": "/attributes/tradeProps/buying/maxItems",
    "value": 0,
    "file": "game:entities/humanoid/trader-treasurehunter.json"
  },
  {
    "op": "replace",
    "path": "/attributes/tradeProps/selling/list",
    "value": [
      {
        "code": "lootvessel-seed",
        "type": "block",
        "stacksize": 1,
        "stock": {
          "avg": 40,
          "var": 10
        },
        "price": {
          "avg": 80,
          "var": 20
        }
      },
      {
        "code": "lootvessel-food",
        "type": "block",
        "stacksize": 1,
        "stock": {
          "avg": 40,
          "var": 10
        },
        "price": {
          "avg": 60,
          "var": 15
        }
      },
      {
        "code": "lootvessel-forage",
        "type": "block",
        "stacksize": 1,
        "stock": {
          "avg": 40,
          "var": 10
        },
        "price": {
          "avg": 60,
          "var": 15
        }
      },
      {
        "code": "lootvessel-ore",
        "type": "block",
        "stacksize": 1,
        "stock": {
          "avg": 40,
          "var": 10
        },
        "price": {
          "avg": 60,
          "var": 15
        }
      },
      {
        "code": "lootvessel-tool",
        "type": "block",
        "stacksize": 1,
        "stock": {
          "avg": 40,
          "var": 10
        },
        "price": {
          "avg": 60,
          "var": 15
        }
      },
      {
        "code": "lootvessel-farming",
        "type": "block",
        "stacksize": 1,
        "stock": {
          "avg": 40,
          "var": 10
        },
        "price": {
          "avg": 60,
          "var": 15
        }
      },
      {
        "code": "lore-scroll",
        "type": "item",
        "stacksize": 1,
        "stock": {
          "avg": 4,
          "var": 12
        },
        "price": {
          "avg": 40,
          "var": 10
        },
        "attributes": {
          "category": "villager"
        }
      },
      {
        "code": "gem-emerald-rough",
        "type": "item",
        "stacksize": 1,
        "stock": {
          "avg": 10,
          "var": 25
        },
        "price": {
          "avg": 120,
          "var": 30
        },
        "attributes": {
          "potential": "high"
        }
      },
      {
        "code": "ore-lapislazuli",
        "type": "item",
        "stacksize": 6,
        "stock": {
          "avg": 40,
          "var": 12
        },
        "price": {
          "avg": 100,
          "var": 25
        }
      },
      {
        "code": "omoktabletop",
        "type": "block",
        "stacksize": 1,
        "stock": {
          "avg": 10,
          "var": 25
        },
        "price": {
          "avg": 100,
          "var": 25
        }
      },
      {
        "code": "gear-temporal",
        "type": "item",
        "stacksize": 1,
        "stock": {
          "avg": 10,
          "var": 25
        },
        "price": {
          "avg": 50,
          "var": 12.5
        }
      },
      {
        "code": "clothes-foot-lackey-shoes",
        "type": "item",
        "stacksize": 1,
        "stock": {
          "avg": 20,
          "var": 5
        },
        "price": {
          "avg": 20,
          "var": 5
        }
      },
      {
        "code": "clothes-hand-lackey-gloves",
        "type": "item",
        "stacksize": 1,
        "stock": {
          "avg": 20,
          "var": 5
        },
        "price": {
          "avg": 20,
          "var": 5
        }
      },
      {
        "code": "clothes-head-lackey-hat",
        "type": "item",
        "stacksize": 1,
        "stock": {
          "avg": 20,
          "var": 5
        },
        "price": {
          "avg": 20,
          "var": 5
        }
      },
      {
        "code": "clothes-lowerbody-lackey-breeches",
        "type": "item",
        "stacksize": 1,
        "stock": {
          "avg": 20,
          "var": 5
        },
        "price": {
          "avg": 30,
          "var": 7.5
        }
      },
      {
        "code": "clothes-upperbody-lackey-shirt",
        "type": "item",
        "stacksize": 1,
        "stock": {
          "avg": 20,
          "var": 5
        },
        "price": {
          "avg": 30,
          "var": 7.5
        }
      },
      {
        "code": "clothes-arm-squire-bracers",
        "type": "item",
        "stacksize": 1,
        "stock": {
          "avg": 10,
          "var": 25
        },
        "price": {
          "avg": 20,
          "var": 5
        }
      },
      {
        "code": "clothes-foot-squire-boots",
        "type": "item",
        "stacksize": 1,
        "stock": {
          "avg": 10,
          "var": 25
        },
        "price": {
          "avg": 20,
          "var": 5
        }
      },
      {
        "code": "clothes-head-squire-hood",
        "type": "item",
        "stacksize": 1,
        "stock": {
          "avg": 10,
          "var": 25
        },
        "price": {
          "avg": 20,
          "var": 5
        }
      },
      {
        "code": "clothes-lowerbody-squire-pants",
        "type": "item",
        "stacksize": 1,
        "stock": {
          "avg": 10,
          "var": 25
        },
        "price": {
          "avg": 30,
          "var": 7.5
        }
      },
      {
        "code": "clothes-upperbody-squire-shirt",
        "type": "item",
        "stacksize": 1,
        "stock": {
          "avg": 10,
          "var": 25
        },
        "price": {
          "avg": 30,
          "var": 7.5
        }
      },
      {
        "code": "clothes-shoulder-squire-tunic",
        "type": "item",
        "stacksize": 1,
        "stock": {
          "avg": 10,
          "var": 25
        },
        "price": {
          "avg": 30,
          "var": 7.5
        }
      },
      {
        "code": "clothes-waist-squire-belt",
        "type": "item",
        "stacksize": 1,
        "stock": {
          "avg": 10,
          "var": 25
        },
        "price": {
          "avg": 20,
          "var": 5
        }
      },
      {
        "code": "clothes-foot-messenger-shoes",
        "type": "item",
        "stacksize": 1,
        "stock": {
          "avg": 10,
          "var": 25
        },
        "price": {
          "avg": 20,
          "var": 5
        }
      },
      {
        "code": "clothes-head-messengers-hat",
        "type": "item",
        "stacksize": 1,
        "stock": {
          "avg": 10,
          "var": 25
        },
        "price": {
          "avg": 20,
          "var": 5
        }
      },
      {
        "code": "clothes-lowerbody-messenger-trousers",
        "type": "item",
        "stacksize": 1,
        "stock": {
          "avg": 10,
          "var": 25
        },
        "price": {
          "avg": 30,
          "var": 7.5
        }
      },
      {
        "code": "clothes-upperbody-messenger-shirt",
        "type": "item",
        "stacksize": 1,
        "stock": {
          "avg": 10,
          "var": 25
        },
        "price": {
          "avg": 30,
          "var": 7.5
        }
      },
      {
        "code": "clothes-waist-messenger-belt",
        "type": "item",
        "stacksize": 1,
        "stock": {
          "avg": 10,
          "var": 25
        },
        "price": {
          "avg": 20,
          "var": 5
        }
      },
      {
        "code": "painting-howl-north",
        "type": "block",
        "stacksize": 1,
        "stock": {
          "avg": 10,
          "var": 25
        },
        "price": {
          "avg": 80,
          "var": 20
        }
      },
      {
        "code": "painting-elk-north",
        "type": "block",
        "stacksize": 1,
        "stock": {
          "avg": 10,
          "var": 25
        },
        "price": {
          "avg": 80,
          "var": 20
        }
      },
      {
        "code": "painting-underwater-north",
        "type": "block",
        "stacksize": 1,
        "stock": {
          "avg": 10,
          "var": 25
        },
        "price": {
          "avg": 80,
          "var": 20
        }
      },
      {
        "code": "painting-prey-north",
        "type": "block",
        "stacksize": 1,
        "stock": {
          "avg": 10,
          "var": 25
        },
        "price": {
          "avg": 80,
          "var": 20
        }
      },
      {
        "code": "painting-forestdawn-north",
        "type": "block",
        "stacksize": 1,
        "stock": {
          "avg": 10,
          "var": 25
        },
        "price": {
          "avg": 80,
          "var": 20
        }
      },
      {
        "code": "metal-parts",
        "type": "block",
        "stacksize": 4,
        "stock": {
          "avg": 20,
          "var": 5
        },
        "price": {
          "avg": 20,
          "var": 5
        }
      },
      {
        "code": "gem-diamond-rough",
        "type": "item",
        "stacksize": 1,
        "stock": {
          "avg": 10,
          "var": 25
        },
        "price": {
          "avg": 100,
          "var": 25
        },
        "attributes": {
          "potential": "high"
        }
      },
      {
        "code": "gem-olivine_peridot-rough",
        "type": "item",
        "stacksize": 1,
        "stock": {
          "avg": 10,
          "var": 25
        },
        "price": {
          "avg": 100,
          "var": 25
        },
        "attributes": {
          "potential": "high"
        }
      },
      {
        "code": "armor-body-antique-blackguard-broken",
        "type": "item",
        "stacksize": 1,
        "stock": {
          "avg": 1,
          "var": 25
        },
        "price": {
          "avg": 260,
          "var": 65
        }
      },
      {
        "code": "armor-legs-antique-blackguard-broken",
        "type": "item",
        "stacksize": 1,
        "stock": {
          "avg": 10,
          "var": 25
        },
        "price": {
          "avg": 260,
          "var": 65
        }
      },
      {
        "code": "locatormap-treasures",
        "type": "item",
        "stacksize": 1,
        "stock": {
          "avg": 10,
          "var": 25
        },
        "price": {
          "avg": 120,
          "var": 30
        }
      }
    ],
    "file": "game:entities/humanoid/trader-treasurehunter.json"
  },
  {
    "op": "replace",
    "path": "/attributes/tradeProps/selling/maxItems",
    "value": 0,
    "file": "game:entities/humanoid/trader-treasurehunter.json"
  }
]