[
  {
    "op": "replace",
    "path": "/1/ingredients/L/quantity",
    "value": 3,
    "file": "game:recipes/grid/raft.json"
  },
  {
    "op": "add",
    "path": "/1/ingredients/R/quantity",
    "value": 4,
    "file": "game:recipes/grid/raft.json"
  },
  {
    "op": "replace",
    "path": "/2/ingredients/L/quantity",
    "value": 5,
    "file": "game:recipes/grid/raft.json"
  },
  {
    "op": "add",
    "path": "/2/ingredients/R/quantity",
    "value": 4,
    "file": "game:recipes/grid/raft.json"
  }
]