[
  {
    "op": "remove",
    "path": "/0/attributes/placeblock/allowedVariantsByInBlock/rock-andesite/1",
    "file": "game:worldgen/deposits/metalore/chromite.json"
  },
  {
    "op": "remove",
    "path": "/0/attributes/placeblock/allowedVariantsByInBlock/rock-basalt/2",
    "file": "game:worldgen/deposits/metalore/chromite.json"
  },
  {
    "op": "remove",
    "path": "/0/attributes/placeblock/allowedVariantsByInBlock/rock-granite/1",
    "file": "game:worldgen/deposits/metalore/chromite.json"
  },
  {
    "op": "remove",
    "path": "/0/attributes/placeblock/allowedVariantsByInBlock/rock-kimberlite/1",
    "file": "game:worldgen/deposits/metalore/chromite.json"
  },
  {
    "op": "remove",
    "path": "/0/attributes/placeblock/allowedVariantsByInBlock/rock-kimberlite/1",
    "file": "game:worldgen/deposits/metalore/chromite.json"
  },
  {
    "op": "remove",
    "path": "/0/attributes/placeblock/allowedVariantsByInBlock/rock-kimberlite/1",
    "file": "game:worldgen/deposits/metalore/chromite.json"
  },
  {
    "op": "remove",
    "path": "/0/attributes/placeblock/allowedVariantsByInBlock/rock-peridotite/1",
    "file": "game:worldgen/deposits/metalore/chromite.json"
  },
  {
    "op": "remove",
    "path": "/0/attributes/placeblock/allowedVariantsByInBlock/rock-peridotite/1",
    "file": "game:worldgen/deposits/metalore/chromite.json"
  },
  {
    "op": "replace",
    "path": "/0/attributes/radius/avg",
    "value": 12,
    "file": "game:worldgen/deposits/metalore/chromite.json"
  },
  {
    "op": "replace",
    "path": "/0/attributes/radius/var",
    "value": 13,
    "file": "game:worldgen/deposits/metalore/chromite.json"
  },
  {
    "op": "replace",
    "path": "/0/attributes/thickness/avg",
    "value": 8,
    "file": "game:worldgen/deposits/metalore/chromite.json"
  },
  {
    "op": "replace",
    "path": "/0/attributes/thickness/var",
    "value": 7,
    "file": "game:worldgen/deposits/metalore/chromite.json"
  },
  {
    "op": "replace",
    "path": "/0/attributes/yPosRel/avg",
    "value": 2,
    "file": "game:worldgen/deposits/metalore/chromite.json"
  },
  {
    "op": "replace",
    "path": "/0/attributes/yPosRel/var",
    "value": 2,
    "file": "game:worldgen/deposits/metalore/chromite.json"
  },
  {
    "op": "replace",
    "path": "/0/triesPerChunk",
    "value": 0.003,
    "file": "game:worldgen/deposits/metalore/chromite.json"
  }
]