[
  {
    "op": "add",
    "path": "/1",
    "value": {
      "ingredientPattern": "FPF\tPFP\tFPF",
      "ingredients": {
        "P": {
          "type": "item",
          "code": "plank-*",
          "name": "wood",
          "quantity": 1
        },
        "F": {
          "type": "Item",
          "code": "hideandfabric:twine-*"
        }
      },
      "width": 3,
      "height": 3,
      "output": {
        "type": "block",
        "code": "sieve-linen",
        "quantity": 1
      }
    },
    "file": "game:recipes/grid/sieve.json"
  }
]