[
  {
    "op": "add",
    "path": "/0/enabled",
    "value": false,
    "file": "game:recipes/grid/oiledhide.json"
  },
  {
    "op": "replace",
    "path": "/0/ingredients/H/quantity",
    "value": 1,
    "file": "game:recipes/grid/oiledhide.json"
  },
  {
    "op": "replace",
    "path": "/0/output/quantity",
    "value": 1,
    "file": "game:recipes/grid/oiledhide.json"
  },
  {
    "op": "add",
    "path": "/1/enabled",
    "value": false,
    "file": "game:recipes/grid/oiledhide.json"
  },
  {
    "op": "replace",
    "path": "/1/ingredients/H/quantity",
    "value": 2,
    "file": "game:recipes/grid/oiledhide.json"
  },
  {
    "op": "replace",
    "path": "/1/output/quantity",
    "value": 2,
    "file": "game:recipes/grid/oiledhide.json"
  },
  {
    "op": "add",
    "path": "/2/enabled",
    "value": false,
    "file": "game:recipes/grid/oiledhide.json"
  },
  {
    "op": "replace",
    "path": "/2/ingredients/H/quantity",
    "value": 3,
    "file": "game:recipes/grid/oiledhide.json"
  },
  {
    "op": "replace",
    "path": "/2/output/quantity",
    "value": 3,
    "file": "game:recipes/grid/oiledhide.json"
  },
  {
    "op": "add",
    "path": "/3/enabled",
    "value": false,
    "file": "game:recipes/grid/oiledhide.json"
  },
  {
    "op": "replace",
    "path": "/3/ingredients/H/quantity",
    "value": 4,
    "file": "game:recipes/grid/oiledhide.json"
  },
  {
    "op": "replace",
    "path": "/3/output/quantity",
    "value": 4,
    "file": "game:recipes/grid/oiledhide.json"
  },
  {
    "op": "add",
    "path": "/4/enabled",
    "value": false,
    "file": "game:recipes/grid/oiledhide.json"
  },
  {
    "op": "replace",
    "path": "/4/ingredients/H/quantity",
    "value": 1,
    "file": "game:recipes/grid/oiledhide.json"
  },
  {
    "op": "replace",
    "path": "/4/output/quantity",
    "value": 1,
    "file": "game:recipes/grid/oiledhide.json"
  },
  {
    "op": "add",
    "path": "/5/enabled",
    "value": false,
    "file": "game:recipes/grid/oiledhide.json"
  },
  {
    "op": "replace",
    "path": "/5/ingredients/H/quantity",
    "value": 2,
    "file": "game:recipes/grid/oiledhide.json"
  },
  {
    "op": "replace",
    "path": "/5/output/quantity",
    "value": 2,
    "file": "game:recipes/grid/oiledhide.json"
  },
  {
    "op": "add",
    "path": "/6/enabled",
    "value": false,
    "file": "game:recipes/grid/oiledhide.json"
  },
  {
    "op": "add",
    "path": "/7/enabled",
    "value": false,
    "file": "game:recipes/grid/oiledhide.json"
  }
]