[
  {
    "op": "replace",
    "path": "/attributes/tradeProps/buying/maxItems",
    "value": 0,
    "file": "game:entities/humanoid/trader-artisan.json"
  },
  {
    "op": "replace",
    "path": "/attributes/tradeProps/selling/list/0/price/avg",
    "value": 40,
    "file": "game:entities/humanoid/trader-artisan.json"
  },
  {
    "op": "replace",
    "path": "/attributes/tradeProps/selling/list/0/price/var",
    "value": 12,
    "file": "game:entities/humanoid/trader-artisan.json"
  },
  {
    "op": "replace",
    "path": "/attributes/tradeProps/selling/list/0/stock/avg",
    "value": 60,
    "file": "game:entities/humanoid/trader-artisan.json"
  },
  {
    "op": "replace",
    "path": "/attributes/tradeProps/selling/list/0/stock/var",
    "value": 15,
    "file": "game:entities/humanoid/trader-artisan.json"
  },
  {
    "op": "replace",
    "path": "/attributes/tradeProps/selling/list/1/price/avg",
    "value": 80,
    "file": "game:entities/humanoid/trader-artisan.json"
  },
  {
    "op": "replace",
    "path": "/attributes/tradeProps/selling/list/1/price/var",
    "value": 20,
    "file": "game:entities/humanoid/trader-artisan.json"
  },
  {
    "op": "replace",
    "path": "/attributes/tradeProps/selling/list/1/stock/avg",
    "value": 40,
    "file": "game:entities/humanoid/trader-artisan.json"
  },
  {
    "op": "replace",
    "path": "/attributes/tradeProps/selling/list/1/stock/var",
    "value": 12,
    "file": "game:entities/humanoid/trader-artisan.json"
  },
  {
    "op": "replace",
    "path": "/attributes/tradeProps/selling/list/2/price/avg",
    "value": 80,
    "file": "game:entities/humanoid/trader-artisan.json"
  },
  {
    "op": "replace",
    "path": "/attributes/tradeProps/selling/list/2/price/var",
    "value": 20,
    "file": "game:entities/humanoid/trader-artisan.json"
  },
  {
    "op": "replace",
    "path": "/attributes/tradeProps/selling/list/2/stock/avg",
    "value": 20,
    "file": "game:entities/humanoid/trader-artisan.json"
  },
  {
    "op": "replace",
    "path": "/attributes/tradeProps/selling/list/2/stock/var",
    "value": 5,
    "file": "game:entities/humanoid/trader-artisan.json"
  },
  {
    "op": "replace",
    "path": "/attributes/tradeProps/selling/list/3/price/avg",
    "value": 60,
    "file": "game:entities/humanoid/trader-artisan.json"
  },
  {
    "op": "replace",
    "path": "/attributes/tradeProps/selling/list/3/price/var",
    "value": 15,
    "file": "game:entities/humanoid/trader-artisan.json"
  },
  {
    "op": "replace",
    "path": "/attributes/tradeProps/selling/list/3/stock/avg",
    "value": 40,
    "file": "game:entities/humanoid/trader-artisan.json"
  },
  {
    "op": "replace",
    "path": "/attributes/tradeProps/selling/list/3/stock/var",
    "value": 12,
    "file": "game:entities/humanoid/trader-artisan.json"
  },
  {
    "op": "replace",
    "path": "/attributes/tradeProps/selling/list/4/price/avg",
    "value": 60,
    "file": "game:entities/humanoid/trader-artisan.json"
  },
  {
    "op": "replace",
    "path": "/attributes/tradeProps/selling/list/4/price/var",
    "value": 15,
    "file": "game:entities/humanoid/trader-artisan.json"
  },
  {
    "op": "replace",
    "path": "/attributes/tradeProps/selling/list/4/stock/avg",
    "value": 100,
    "file": "game:entities/humanoid/trader-artisan.json"
  },
  {
    "op": "replace",
    "path": "/attributes/tradeProps/selling/list/4/stock/var",
    "value": 2.5,
    "file": "game:entities/humanoid/trader-artisan.json"
  },
  {
    "op": "replace",
    "path": "/attributes/tradeProps/selling/list/5/price/avg",
    "value": 70,
    "file": "game:entities/humanoid/trader-artisan.json"
  },
  {
    "op": "replace",
    "path": "/attributes/tradeProps/selling/list/5/price/var",
    "value": 17.5,
    "file": "game:entities/humanoid/trader-artisan.json"
  },
  {
    "op": "replace",
    "path": "/attributes/tradeProps/selling/list/5/stock/avg",
    "value": 60,
    "file": "game:entities/humanoid/trader-artisan.json"
  },
  {
    "op": "replace",
    "path": "/attributes/tradeProps/selling/list/5/stock/var",
    "value": 15,
    "file": "game:entities/humanoid/trader-artisan.json"
  },
  {
    "op": "replace",
    "path": "/attributes/tradeProps/selling/list/6/price/avg",
    "value": 70,
    "file": "game:entities/humanoid/trader-artisan.json"
  },
  {
    "op": "replace",
    "path": "/attributes/tradeProps/selling/list/6/price/var",
    "value": 17.5,
    "file": "game:entities/humanoid/trader-artisan.json"
  },
  {
    "op": "replace",
    "path": "/attributes/tradeProps/selling/list/6/stock/avg",
    "value": 40,
    "file": "game:entities/humanoid/trader-artisan.json"
  },
  {
    "op": "replace",
    "path": "/attributes/tradeProps/selling/list/6/stock/var",
    "value": 12,
    "file": "game:entities/humanoid/trader-artisan.json"
  },
  {
    "op": "replace",
    "path": "/attributes/tradeProps/selling/list/7/price/avg",
    "value": 80,
    "file": "game:entities/humanoid/trader-artisan.json"
  },
  {
    "op": "replace",
    "path": "/attributes/tradeProps/selling/list/7/price/var",
    "value": 20,
    "file": "game:entities/humanoid/trader-artisan.json"
  },
  {
    "op": "replace",
    "path": "/attributes/tradeProps/selling/list/7/stock/avg",
    "value": 20,
    "file": "game:entities/humanoid/trader-artisan.json"
  },
  {
    "op": "replace",
    "path": "/attributes/tradeProps/selling/list/7/stock/var",
    "value": 5,
    "file": "game:entities/humanoid/trader-artisan.json"
  },
  {
    "op": "replace",
    "path": "/attributes/tradeProps/selling/list/8/price/avg",
    "value": 110,
    "file": "game:entities/humanoid/trader-artisan.json"
  },
  {
    "op": "replace",
    "path": "/attributes/tradeProps/selling/list/8/price/var",
    "value": 20.75,
    "file": "game:entities/humanoid/trader-artisan.json"
  },
  {
    "op": "replace",
    "path": "/attributes/tradeProps/selling/list/8/stock/avg",
    "value": 100,
    "file": "game:entities/humanoid/trader-artisan.json"
  },
  {
    "op": "replace",
    "path": "/attributes/tradeProps/selling/list/8/stock/var",
    "value": 2.5,
    "file": "game:entities/humanoid/trader-artisan.json"
  },
  {
    "op": "replace",
    "path": "/attributes/tradeProps/selling/list/9/price/avg",
    "value": 80,
    "file": "game:entities/humanoid/trader-artisan.json"
  },
  {
    "op": "replace",
    "path": "/attributes/tradeProps/selling/list/9/price/var",
    "value": 20,
    "file": "game:entities/humanoid/trader-artisan.json"
  },
  {
    "op": "replace",
    "path": "/attributes/tradeProps/selling/list/9/stock/avg",
    "value": 20,
    "file": "game:entities/humanoid/trader-artisan.json"
  },
  {
    "op": "replace",
    "path": "/attributes/tradeProps/selling/list/9/stock/var",
    "value": 5,
    "file": "game:entities/humanoid/trader-artisan.json"
  },
  {
    "op": "replace",
    "path": "/attributes/tradeProps/selling/list/10/price/avg",
    "value": 60,
    "file": "game:entities/humanoid/trader-artisan.json"
  },
  {
    "op": "replace",
    "path": "/attributes/tradeProps/selling/list/10/price/var",
    "value": 15,
    "file": "game:entities/humanoid/trader-artisan.json"
  },
  {
    "op": "replace",
    "path": "/attributes/tradeProps/selling/list/10/stock/avg",
    "value": 40,
    "file": "game:entities/humanoid/trader-artisan.json"
  },
  {
    "op": "replace",
    "path": "/attributes/tradeProps/selling/list/10/stock/var",
    "value": 12,
    "file": "game:entities/humanoid/trader-artisan.json"
  },
  {
    "op": "replace",
    "path": "/attributes/tradeProps/selling/list/11/price/avg",
    "value": 70,
    "file": "game:entities/humanoid/trader-artisan.json"
  },
  {
    "op": "replace",
    "path": "/attributes/tradeProps/selling/list/11/price/var",
    "value": 17.5,
    "file": "game:entities/humanoid/trader-artisan.json"
  },
  {
    "op": "replace",
    "path": "/attributes/tradeProps/selling/list/11/stock/avg",
    "value": 40,
    "file": "game:entities/humanoid/trader-artisan.json"
  },
  {
    "op": "replace",
    "path": "/attributes/tradeProps/selling/list/11/stock/var",
    "value": 12,
    "file": "game:entities/humanoid/trader-artisan.json"
  },
  {
    "op": "replace",
    "path": "/attributes/tradeProps/selling/list/12/price/avg",
    "value": 120,
    "file": "game:entities/humanoid/trader-artisan.json"
  },
  {
    "op": "replace",
    "path": "/attributes/tradeProps/selling/list/12/stock/avg",
    "value": 100,
    "file": "game:entities/humanoid/trader-artisan.json"
  },
  {
    "op": "replace",
    "path": "/attributes/tradeProps/selling/list/12/stock/var",
    "value": 2.5,
    "file": "game:entities/humanoid/trader-artisan.json"
  },
  {
    "op": "replace",
    "path": "/attributes/tradeProps/selling/list/13/price/avg",
    "value": 120,
    "file": "game:entities/humanoid/trader-artisan.json"
  },
  {
    "op": "replace",
    "path": "/attributes/tradeProps/selling/list/13/stock/avg",
    "value": 100,
    "file": "game:entities/humanoid/trader-artisan.json"
  },
  {
    "op": "replace",
    "path": "/attributes/tradeProps/selling/list/13/stock/var",
    "value": 2.5,
    "file": "game:entities/humanoid/trader-artisan.json"
  },
  {
    "op": "replace",
    "path": "/attributes/tradeProps/selling/list/14/price/avg",
    "value": 140,
    "file": "game:entities/humanoid/trader-artisan.json"
  },
  {
    "op": "replace",
    "path": "/attributes/tradeProps/selling/list/14/stock/avg",
    "value": 100,
    "file": "game:entities/humanoid/trader-artisan.json"
  },
  {
    "op": "replace",
    "path": "/attributes/tradeProps/selling/list/14/stock/var",
    "value": 2.5,
    "file": "game:entities/humanoid/trader-artisan.json"
  },
  {
    "op": "replace",
    "path": "/attributes/tradeProps/selling/list/15/price/avg",
    "value": 90,
    "file": "game:entities/humanoid/trader-artisan.json"
  },
  {
    "op": "replace",
    "path": "/attributes/tradeProps/selling/list/15/price/var",
    "value": 20.25,
    "file": "game:entities/humanoid/trader-artisan.json"
  },
  {
    "op": "replace",
    "path": "/attributes/tradeProps/selling/list/15/stock/avg",
    "value": 100,
    "file": "game:entities/humanoid/trader-artisan.json"
  },
  {
    "op": "replace",
    "path": "/attributes/tradeProps/selling/list/15/stock/var",
    "value": 2.5,
    "file": "game:entities/humanoid/trader-artisan.json"
  },
  {
    "op": "replace",
    "path": "/attributes/tradeProps/selling/list/16/price/avg",
    "value": 100,
    "file": "game:entities/humanoid/trader-artisan.json"
  },
  {
    "op": "replace",
    "path": "/attributes/tradeProps/selling/list/16/stock/avg",
    "value": 80,
    "file": "game:entities/humanoid/trader-artisan.json"
  },
  {
    "op": "replace",
    "path": "/attributes/tradeProps/selling/list/16/stock/var",
    "value": 20,
    "file": "game:entities/humanoid/trader-artisan.json"
  },
  {
    "op": "replace",
    "path": "/attributes/tradeProps/selling/list/17/price/avg",
    "value": 30,
    "file": "game:entities/humanoid/trader-artisan.json"
  },
  {
    "op": "replace",
    "path": "/attributes/tradeProps/selling/list/17/stock/avg",
    "value": 80,
    "file": "game:entities/humanoid/trader-artisan.json"
  },
  {
    "op": "replace",
    "path": "/attributes/tradeProps/selling/list/17/stock/var",
    "value": 20,
    "file": "game:entities/humanoid/trader-artisan.json"
  },
  {
    "op": "replace",
    "path": "/attributes/tradeProps/selling/list/18/price/avg",
    "value": 20,
    "file": "game:entities/humanoid/trader-artisan.json"
  },
  {
    "op": "replace",
    "path": "/attributes/tradeProps/selling/list/18/price/var",
    "value": 5,
    "file": "game:entities/humanoid/trader-artisan.json"
  },
  {
    "op": "replace",
    "path": "/attributes/tradeProps/selling/list/18/stock/avg",
    "value": 100,
    "file": "game:entities/humanoid/trader-artisan.json"
  },
  {
    "op": "replace",
    "path": "/attributes/tradeProps/selling/list/19/price/avg",
    "value": 40,
    "file": "game:entities/humanoid/trader-artisan.json"
  },
  {
    "op": "replace",
    "path": "/attributes/tradeProps/selling/list/19/price/var",
    "value": 12,
    "file": "game:entities/humanoid/trader-artisan.json"
  },
  {
    "op": "replace",
    "path": "/attributes/tradeProps/selling/list/19/stock/avg",
    "value": 60,
    "file": "game:entities/humanoid/trader-artisan.json"
  },
  {
    "op": "replace",
    "path": "/attributes/tradeProps/selling/list/19/stock/var",
    "value": 15,
    "file": "game:entities/humanoid/trader-artisan.json"
  },
  {
    "op": "replace",
    "path": "/attributes/tradeProps/selling/list/20/price/avg",
    "value": 30,
    "file": "game:entities/humanoid/trader-artisan.json"
  },
  {
    "op": "replace",
    "path": "/attributes/tradeProps/selling/list/20/stock/avg",
    "value": 50,
    "file": "game:entities/humanoid/trader-artisan.json"
  },
  {
    "op": "replace",
    "path": "/attributes/tradeProps/selling/list/21/price/avg",
    "value": 30,
    "file": "game:entities/humanoid/trader-artisan.json"
  },
  {
    "op": "replace",
    "path": "/attributes/tradeProps/selling/list/21/stock/avg",
    "value": 60,
    "file": "game:entities/humanoid/trader-artisan.json"
  },
  {
    "op": "replace",
    "path": "/attributes/tradeProps/selling/list/21/stock/var",
    "value": 15,
    "file": "game:entities/humanoid/trader-artisan.json"
  },
  {
    "op": "replace",
    "path": "/attributes/tradeProps/selling/list/22/price/avg",
    "value": 60,
    "file": "game:entities/humanoid/trader-artisan.json"
  },
  {
    "op": "replace",
    "path": "/attributes/tradeProps/selling/list/22/price/var",
    "value": 15,
    "file": "game:entities/humanoid/trader-artisan.json"
  },
  {
    "op": "replace",
    "path": "/attributes/tradeProps/selling/list/22/stock/avg",
    "value": 40,
    "file": "game:entities/humanoid/trader-artisan.json"
  },
  {
    "op": "replace",
    "path": "/attributes/tradeProps/selling/list/22/stock/var",
    "value": 12,
    "file": "game:entities/humanoid/trader-artisan.json"
  },
  {
    "op": "replace",
    "path": "/attributes/tradeProps/selling/list/23/price/avg",
    "value": 60,
    "file": "game:entities/humanoid/trader-artisan.json"
  },
  {
    "op": "replace",
    "path": "/attributes/tradeProps/selling/list/23/price/var",
    "value": 15,
    "file": "game:entities/humanoid/trader-artisan.json"
  },
  {
    "op": "replace",
    "path": "/attributes/tradeProps/selling/list/23/stock/avg",
    "value": 40,
    "file": "game:entities/humanoid/trader-artisan.json"
  },
  {
    "op": "replace",
    "path": "/attributes/tradeProps/selling/list/23/stock/var",
    "value": 12,
    "file": "game:entities/humanoid/trader-artisan.json"
  },
  {
    "op": "replace",
    "path": "/attributes/tradeProps/selling/list/24/price/avg",
    "value": 50,
    "file": "game:entities/humanoid/trader-artisan.json"
  },
  {
    "op": "replace",
    "path": "/attributes/tradeProps/selling/list/24/stock/avg",
    "value": 70,
    "file": "game:entities/humanoid/trader-artisan.json"
  },
  {
    "op": "replace",
    "path": "/attributes/tradeProps/selling/list/24/stock/var",
    "value": 17.5,
    "file": "game:entities/humanoid/trader-artisan.json"
  },
  {
    "op": "replace",
    "path": "/attributes/tradeProps/selling/list/25/price/avg",
    "value": 50,
    "file": "game:entities/humanoid/trader-artisan.json"
  },
  {
    "op": "replace",
    "path": "/attributes/tradeProps/selling/list/25/stock/avg",
    "value": 70,
    "file": "game:entities/humanoid/trader-artisan.json"
  },
  {
    "op": "replace",
    "path": "/attributes/tradeProps/selling/list/25/stock/var",
    "value": 17.5,
    "file": "game:entities/humanoid/trader-artisan.json"
  },
  {
    "op": "replace",
    "path": "/attributes/tradeProps/selling/list/26/price/avg",
    "value": 50,
    "file": "game:entities/humanoid/trader-artisan.json"
  },
  {
    "op": "replace",
    "path": "/attributes/tradeProps/selling/list/26/stock/avg",
    "value": 50,
    "file": "game:entities/humanoid/trader-artisan.json"
  },
  {
    "op": "replace",
    "path": "/attributes/tradeProps/selling/list/27/price/avg",
    "value": 70,
    "file": "game:entities/humanoid/trader-artisan.json"
  },
  {
    "op": "replace",
    "path": "/attributes/tradeProps/selling/list/27/price/var",
    "value": 17.5,
    "file": "game:entities/humanoid/trader-artisan.json"
  },
  {
    "op": "replace",
    "path": "/attributes/tradeProps/selling/list/27/stock/avg",
    "value": 20,
    "file": "game:entities/humanoid/trader-artisan.json"
  },
  {
    "op": "replace",
    "path": "/attributes/tradeProps/selling/list/27/stock/var",
    "value": 5,
    "file": "game:entities/humanoid/trader-artisan.json"
  },
  {
    "op": "replace",
    "path": "/attributes/tradeProps/selling/list/28/price/avg",
    "value": 50,
    "file": "game:entities/humanoid/trader-artisan.json"
  },
  {
    "op": "replace",
    "path": "/attributes/tradeProps/selling/list/28/stock/avg",
    "value": 50,
    "file": "game:entities/humanoid/trader-artisan.json"
  },
  {
    "op": "replace",
    "path": "/attributes/tradeProps/selling/list/29/price/avg",
    "value": 30,
    "file": "game:entities/humanoid/trader-artisan.json"
  },
  {
    "op": "replace",
    "path": "/attributes/tradeProps/selling/list/29/stock/avg",
    "value": 80,
    "file": "game:entities/humanoid/trader-artisan.json"
  },
  {
    "op": "replace",
    "path": "/attributes/tradeProps/selling/list/29/stock/var",
    "value": 20,
    "file": "game:entities/humanoid/trader-artisan.json"
  },
  {
    "op": "replace",
    "path": "/attributes/tradeProps/selling/list/30/price/avg",
    "value": 50,
    "file": "game:entities/humanoid/trader-artisan.json"
  },
  {
    "op": "replace",
    "path": "/attributes/tradeProps/selling/list/30/stock/avg",
    "value": 60,
    "file": "game:entities/humanoid/trader-artisan.json"
  },
  {
    "op": "replace",
    "path": "/attributes/tradeProps/selling/list/30/stock/var",
    "value": 15,
    "file": "game:entities/humanoid/trader-artisan.json"
  },
  {
    "op": "replace",
    "path": "/attributes/tradeProps/selling/list/31/price/avg",
    "value": 50,
    "file": "game:entities/humanoid/trader-artisan.json"
  },
  {
    "op": "replace",
    "path": "/attributes/tradeProps/selling/list/31/stock/avg",
    "value": 50,
    "file": "game:entities/humanoid/trader-artisan.json"
  },
  {
    "op": "replace",
    "path": "/attributes/tradeProps/selling/list/32/price/avg",
    "value": 70,
    "file": "game:entities/humanoid/trader-artisan.json"
  },
  {
    "op": "replace",
    "path": "/attributes/tradeProps/selling/list/32/price/var",
    "value": 17.5,
    "file": "game:entities/humanoid/trader-artisan.json"
  },
  {
    "op": "replace",
    "path": "/attributes/tradeProps/selling/list/32/stock/avg",
    "value": 40,
    "file": "game:entities/humanoid/trader-artisan.json"
  },
  {
    "op": "replace",
    "path": "/attributes/tradeProps/selling/list/32/stock/var",
    "value": 12,
    "file": "game:entities/humanoid/trader-artisan.json"
  },
  {
    "op": "replace",
    "path": "/attributes/tradeProps/selling/list/33/price/avg",
    "value": 70,
    "file": "game:entities/humanoid/trader-artisan.json"
  },
  {
    "op": "replace",
    "path": "/attributes/tradeProps/selling/list/33/price/var",
    "value": 17.5,
    "file": "game:entities/humanoid/trader-artisan.json"
  },
  {
    "op": "replace",
    "path": "/attributes/tradeProps/selling/list/33/stock/avg",
    "value": 40,
    "file": "game:entities/humanoid/trader-artisan.json"
  },
  {
    "op": "replace",
    "path": "/attributes/tradeProps/selling/list/33/stock/var",
    "value": 12,
    "file": "game:entities/humanoid/trader-artisan.json"
  },
  {
    "op": "replace",
    "path": "/attributes/tradeProps/selling/list/34/price/avg",
    "value": 60,
    "file": "game:entities/humanoid/trader-artisan.json"
  },
  {
    "op": "replace",
    "path": "/attributes/tradeProps/selling/list/34/price/var",
    "value": 15,
    "file": "game:entities/humanoid/trader-artisan.json"
  },
  {
    "op": "replace",
    "path": "/attributes/tradeProps/selling/list/34/stock/avg",
    "value": 70,
    "file": "game:entities/humanoid/trader-artisan.json"
  },
  {
    "op": "replace",
    "path": "/attributes/tradeProps/selling/list/34/stock/var",
    "value": 17.5,
    "file": "game:entities/humanoid/trader-artisan.json"
  },
  {
    "op": "replace",
    "path": "/attributes/tradeProps/selling/list/35/price/avg",
    "value": 60,
    "file": "game:entities/humanoid/trader-artisan.json"
  },
  {
    "op": "replace",
    "path": "/attributes/tradeProps/selling/list/35/price/var",
    "value": 15,
    "file": "game:entities/humanoid/trader-artisan.json"
  },
  {
    "op": "replace",
    "path": "/attributes/tradeProps/selling/list/35/stock/avg",
    "value": 50,
    "file": "game:entities/humanoid/trader-artisan.json"
  },
  {
    "op": "replace",
    "path": "/attributes/tradeProps/selling/list/36/price/avg",
    "value": 90,
    "file": "game:entities/humanoid/trader-artisan.json"
  },
  {
    "op": "replace",
    "path": "/attributes/tradeProps/selling/list/36/price/var",
    "value": 20.25,
    "file": "game:entities/humanoid/trader-artisan.json"
  },
  {
    "op": "replace",
    "path": "/attributes/tradeProps/selling/list/36/stock/avg",
    "value": 20,
    "file": "game:entities/humanoid/trader-artisan.json"
  },
  {
    "op": "replace",
    "path": "/attributes/tradeProps/selling/list/36/stock/var",
    "value": 5,
    "file": "game:entities/humanoid/trader-artisan.json"
  },
  {
    "op": "replace",
    "path": "/attributes/tradeProps/selling/list/37/price/avg",
    "value": 60,
    "file": "game:entities/humanoid/trader-artisan.json"
  },
  {
    "op": "replace",
    "path": "/attributes/tradeProps/selling/list/37/price/var",
    "value": 15,
    "file": "game:entities/humanoid/trader-artisan.json"
  },
  {
    "op": "replace",
    "path": "/attributes/tradeProps/selling/list/37/stock/avg",
    "value": 50,
    "file": "game:entities/humanoid/trader-artisan.json"
  },
  {
    "op": "replace",
    "path": "/attributes/tradeProps/selling/list/38/price/avg",
    "value": 60,
    "file": "game:entities/humanoid/trader-artisan.json"
  },
  {
    "op": "replace",
    "path": "/attributes/tradeProps/selling/list/38/price/var",
    "value": 15,
    "file": "game:entities/humanoid/trader-artisan.json"
  },
  {
    "op": "replace",
    "path": "/attributes/tradeProps/selling/list/38/stock/avg",
    "value": 50,
    "file": "game:entities/humanoid/trader-artisan.json"
  },
  {
    "op": "replace",
    "path": "/attributes/tradeProps/selling/list/39/price/avg",
    "value": 50,
    "file": "game:entities/humanoid/trader-artisan.json"
  },
  {
    "op": "replace",
    "path": "/attributes/tradeProps/selling/list/39/stock/avg",
    "value": 100,
    "file": "game:entities/humanoid/trader-artisan.json"
  },
  {
    "op": "replace",
    "path": "/attributes/tradeProps/selling/list/39/stock/var",
    "value": 2.5,
    "file": "game:entities/humanoid/trader-artisan.json"
  },
  {
    "op": "replace",
    "path": "/attributes/tradeProps/selling/list/40/price/avg",
    "value": 50,
    "file": "game:entities/humanoid/trader-artisan.json"
  },
  {
    "op": "replace",
    "path": "/attributes/tradeProps/selling/list/40/stock/avg",
    "value": 100,
    "file": "game:entities/humanoid/trader-artisan.json"
  },
  {
    "op": "replace",
    "path": "/attributes/tradeProps/selling/list/40/stock/var",
    "value": 2.5,
    "file": "game:entities/humanoid/trader-artisan.json"
  },
  {
    "op": "replace",
    "path": "/attributes/tradeProps/selling/list/41/price/avg",
    "value": 50,
    "file": "game:entities/humanoid/trader-artisan.json"
  },
  {
    "op": "replace",
    "path": "/attributes/tradeProps/selling/list/41/price/var",
    "value": 12.5,
    "file": "game:entities/humanoid/trader-artisan.json"
  },
  {
    "op": "replace",
    "path": "/attributes/tradeProps/selling/list/41/stock/avg",
    "value": 10,
    "file": "game:entities/humanoid/trader-artisan.json"
  },
  {
    "op": "replace",
    "path": "/attributes/tradeProps/selling/list/41/stock/var",
    "value": 2.5,
    "file": "game:entities/humanoid/trader-artisan.json"
  },
  {
    "op": "replace",
    "path": "/attributes/tradeProps/selling/list/42/price/avg",
    "value": 50,
    "file": "game:entities/humanoid/trader-artisan.json"
  },
  {
    "op": "replace",
    "path": "/attributes/tradeProps/selling/list/42/stock/avg",
    "value": 10,
    "file": "game:entities/humanoid/trader-artisan.json"
  },
  {
    "op": "replace",
    "path": "/attributes/tradeProps/selling/list/42/stock/var",
    "value": 2.5,
    "file": "game:entities/humanoid/trader-artisan.json"
  },
  {
    "op": "replace",
    "path": "/attributes/tradeProps/selling/list/43/price/avg",
    "value": 50,
    "file": "game:entities/humanoid/trader-artisan.json"
  },
  {
    "op": "replace",
    "path": "/attributes/tradeProps/selling/list/43/price/var",
    "value": 12.5,
    "file": "game:entities/humanoid/trader-artisan.json"
  },
  {
    "op": "replace",
    "path": "/attributes/tradeProps/selling/list/43/stock/avg",
    "value": 10,
    "file": "game:entities/humanoid/trader-artisan.json"
  },
  {
    "op": "replace",
    "path": "/attributes/tradeProps/selling/list/43/stock/var",
    "value": 2.5,
    "file": "game:entities/humanoid/trader-artisan.json"
  },
  {
    "op": "replace",
    "path": "/attributes/tradeProps/selling/list/44/price/avg",
    "value": 50,
    "file": "game:entities/humanoid/trader-artisan.json"
  },
  {
    "op": "replace",
    "path": "/attributes/tradeProps/selling/list/44/price/var",
    "value": 12.5,
    "file": "game:entities/humanoid/trader-artisan.json"
  },
  {
    "op": "replace",
    "path": "/attributes/tradeProps/selling/list/44/stock/avg",
    "value": 10,
    "file": "game:entities/humanoid/trader-artisan.json"
  },
  {
    "op": "replace",
    "path": "/attributes/tradeProps/selling/list/44/stock/var",
    "value": 2.5,
    "file": "game:entities/humanoid/trader-artisan.json"
  },
  {
    "op": "replace",
    "path": "/attributes/tradeProps/selling/list/45/price/avg",
    "value": 70,
    "file": "game:entities/humanoid/trader-artisan.json"
  },
  {
    "op": "replace",
    "path": "/attributes/tradeProps/selling/list/45/price/var",
    "value": 17.5,
    "file": "game:entities/humanoid/trader-artisan.json"
  },
  {
    "op": "replace",
    "path": "/attributes/tradeProps/selling/list/45/stock/avg",
    "value": 10,
    "file": "game:entities/humanoid/trader-artisan.json"
  },
  {
    "op": "replace",
    "path": "/attributes/tradeProps/selling/list/45/stock/var",
    "value": 2.5,
    "file": "game:entities/humanoid/trader-artisan.json"
  },
  {
    "op": "replace",
    "path": "/attributes/tradeProps/selling/list/46/price/avg",
    "value": 70,
    "file": "game:entities/humanoid/trader-artisan.json"
  },
  {
    "op": "replace",
    "path": "/attributes/tradeProps/selling/list/46/price/var",
    "value": 17.5,
    "file": "game:entities/humanoid/trader-artisan.json"
  },
  {
    "op": "replace",
    "path": "/attributes/tradeProps/selling/list/46/stock/avg",
    "value": 10,
    "file": "game:entities/humanoid/trader-artisan.json"
  },
  {
    "op": "replace",
    "path": "/attributes/tradeProps/selling/list/46/stock/var",
    "value": 2.5,
    "file": "game:entities/humanoid/trader-artisan.json"
  },
  {
    "op": "replace",
    "path": "/attributes/tradeProps/selling/list/47/price/avg",
    "value": 70,
    "file": "game:entities/humanoid/trader-artisan.json"
  },
  {
    "op": "replace",
    "path": "/attributes/tradeProps/selling/list/47/price/var",
    "value": 17.5,
    "file": "game:entities/humanoid/trader-artisan.json"
  },
  {
    "op": "replace",
    "path": "/attributes/tradeProps/selling/list/47/stock/avg",
    "value": 100,
    "file": "game:entities/humanoid/trader-artisan.json"
  },
  {
    "op": "replace",
    "path": "/attributes/tradeProps/selling/list/47/stock/var",
    "value": 2.5,
    "file": "game:entities/humanoid/trader-artisan.json"
  },
  {
    "op": "replace",
    "path": "/attributes/tradeProps/selling/list/48/price/avg",
    "value": 60,
    "file": "game:entities/humanoid/trader-artisan.json"
  },
  {
    "op": "replace",
    "path": "/attributes/tradeProps/selling/list/48/price/var",
    "value": 15,
    "file": "game:entities/humanoid/trader-artisan.json"
  },
  {
    "op": "replace",
    "path": "/attributes/tradeProps/selling/list/48/stock/avg",
    "value": 10,
    "file": "game:entities/humanoid/trader-artisan.json"
  },
  {
    "op": "replace",
    "path": "/attributes/tradeProps/selling/list/48/stock/var",
    "value": 2.5,
    "file": "game:entities/humanoid/trader-artisan.json"
  },
  {
    "op": "replace",
    "path": "/attributes/tradeProps/selling/list/49/price/avg",
    "value": 60,
    "file": "game:entities/humanoid/trader-artisan.json"
  },
  {
    "op": "replace",
    "path": "/attributes/tradeProps/selling/list/49/price/var",
    "value": 15,
    "file": "game:entities/humanoid/trader-artisan.json"
  },
  {
    "op": "replace",
    "path": "/attributes/tradeProps/selling/list/49/stock/avg",
    "value": 10,
    "file": "game:entities/humanoid/trader-artisan.json"
  },
  {
    "op": "replace",
    "path": "/attributes/tradeProps/selling/list/49/stock/var",
    "value": 2.5,
    "file": "game:entities/humanoid/trader-artisan.json"
  },
  {
    "op": "replace",
    "path": "/attributes/tradeProps/selling/list/50/price/avg",
    "value": 60,
    "file": "game:entities/humanoid/trader-artisan.json"
  },
  {
    "op": "replace",
    "path": "/attributes/tradeProps/selling/list/50/price/var",
    "value": 15,
    "file": "game:entities/humanoid/trader-artisan.json"
  },
  {
    "op": "replace",
    "path": "/attributes/tradeProps/selling/list/50/stock/avg",
    "value": 10,
    "file": "game:entities/humanoid/trader-artisan.json"
  },
  {
    "op": "replace",
    "path": "/attributes/tradeProps/selling/list/50/stock/var",
    "value": 2.5,
    "file": "game:entities/humanoid/trader-artisan.json"
  },
  {
    "op": "replace",
    "path": "/attributes/tradeProps/selling/list/51/price/avg",
    "value": 80,
    "file": "game:entities/humanoid/trader-artisan.json"
  },
  {
    "op": "replace",
    "path": "/attributes/tradeProps/selling/list/51/price/var",
    "value": 20,
    "file": "game:entities/humanoid/trader-artisan.json"
  },
  {
    "op": "replace",
    "path": "/attributes/tradeProps/selling/list/51/stock/avg",
    "value": 10,
    "file": "game:entities/humanoid/trader-artisan.json"
  },
  {
    "op": "replace",
    "path": "/attributes/tradeProps/selling/list/51/stock/var",
    "value": 2.5,
    "file": "game:entities/humanoid/trader-artisan.json"
  },
  {
    "op": "replace",
    "path": "/attributes/tradeProps/selling/list/52/price/avg",
    "value": 80,
    "file": "game:entities/humanoid/trader-artisan.json"
  },
  {
    "op": "replace",
    "path": "/attributes/tradeProps/selling/list/52/price/var",
    "value": 20,
    "file": "game:entities/humanoid/trader-artisan.json"
  },
  {
    "op": "replace",
    "path": "/attributes/tradeProps/selling/list/52/stock/avg",
    "value": 10,
    "file": "game:entities/humanoid/trader-artisan.json"
  },
  {
    "op": "replace",
    "path": "/attributes/tradeProps/selling/list/52/stock/var",
    "value": 2.5,
    "file": "game:entities/humanoid/trader-artisan.json"
  },
  {
    "op": "replace",
    "path": "/attributes/tradeProps/selling/list/53/price/avg",
    "value": 80,
    "file": "game:entities/humanoid/trader-artisan.json"
  },
  {
    "op": "replace",
    "path": "/attributes/tradeProps/selling/list/53/price/var",
    "value": 20,
    "file": "game:entities/humanoid/trader-artisan.json"
  },
  {
    "op": "replace",
    "path": "/attributes/tradeProps/selling/list/53/stock/avg",
    "value": 10,
    "file": "game:entities/humanoid/trader-artisan.json"
  },
  {
    "op": "replace",
    "path": "/attributes/tradeProps/selling/list/53/stock/var",
    "value": 2.5,
    "file": "game:entities/humanoid/trader-artisan.json"
  },
  {
    "op": "replace",
    "path": "/attributes/tradeProps/selling/list/54/price/avg",
    "value": 80,
    "file": "game:entities/humanoid/trader-artisan.json"
  },
  {
    "op": "replace",
    "path": "/attributes/tradeProps/selling/list/54/price/var",
    "value": 20,
    "file": "game:entities/humanoid/trader-artisan.json"
  },
  {
    "op": "replace",
    "path": "/attributes/tradeProps/selling/list/54/stock/avg",
    "value": 10,
    "file": "game:entities/humanoid/trader-artisan.json"
  },
  {
    "op": "replace",
    "path": "/attributes/tradeProps/selling/list/54/stock/var",
    "value": 2.5,
    "file": "game:entities/humanoid/trader-artisan.json"
  },
  {
    "op": "replace",
    "path": "/attributes/tradeProps/selling/maxItems",
    "value": 0,
    "file": "game:entities/humanoid/trader-artisan.json"
  }
]