[
  {
    "op": "remove",
    "path": "/0/attributes/placeblock/allowedVariantsByInBlock/rock-chalk/1",
    "file": "game:worldgen/deposits/metalore/galena.json"
  },
  {
    "op": "remove",
    "path": "/0/attributes/placeblock/allowedVariantsByInBlock/rock-chert/1",
    "file": "game:worldgen/deposits/metalore/galena.json"
  },
  {
    "op": "remove",
    "path": "/0/attributes/placeblock/allowedVariantsByInBlock/rock-chert/1",
    "file": "game:worldgen/deposits/metalore/galena.json"
  },
  {
    "op": "remove",
    "path": "/0/attributes/placeblock/allowedVariantsByInBlock/rock-chert/1",
    "file": "game:worldgen/deposits/metalore/galena.json"
  },
  {
    "op": "remove",
    "path": "/0/attributes/placeblock/allowedVariantsByInBlock/rock-claystone/2",
    "file": "game:worldgen/deposits/metalore/galena.json"
  },
  {
    "op": "remove",
    "path": "/0/attributes/placeblock/allowedVariantsByInBlock/rock-conglomerate/1",
    "file": "game:worldgen/deposits/metalore/galena.json"
  },
  {
    "op": "remove",
    "path": "/0/attributes/placeblock/allowedVariantsByInBlock/rock-limestone/1",
    "file": "game:worldgen/deposits/metalore/galena.json"
  },
  {
    "op": "remove",
    "path": "/0/attributes/placeblock/allowedVariantsByInBlock/rock-sandstone/1",
    "file": "game:worldgen/deposits/metalore/galena.json"
  },
  {
    "op": "remove",
    "path": "/0/attributes/placeblock/allowedVariantsByInBlock/rock-sandstone/1",
    "file": "game:worldgen/deposits/metalore/galena.json"
  },
  {
    "op": "remove",
    "path": "/0/attributes/placeblock/allowedVariantsByInBlock/rock-shale/1",
    "file": "game:worldgen/deposits/metalore/galena.json"
  },
  {
    "op": "remove",
    "path": "/0/attributes/placeblock/allowedVariantsByInBlock/rock-shale/1",
    "file": "game:worldgen/deposits/metalore/galena.json"
  },
  {
    "op": "remove",
    "path": "/0/attributes/placeblock/allowedVariantsByInBlock/rock-shale/1",
    "file": "game:worldgen/deposits/metalore/galena.json"
  },
  {
    "op": "replace",
    "path": "/0/attributes/radius/avg",
    "value": 12,
    "file": "game:worldgen/deposits/metalore/galena.json"
  },
  {
    "op": "replace",
    "path": "/0/attributes/radius/var",
    "value": 13,
    "file": "game:worldgen/deposits/metalore/galena.json"
  },
  {
    "op": "replace",
    "path": "/0/attributes/thickness/avg",
    "value": 8,
    "file": "game:worldgen/deposits/metalore/galena.json"
  },
  {
    "op": "replace",
    "path": "/0/attributes/thickness/var",
    "value": 7,
    "file": "game:worldgen/deposits/metalore/galena.json"
  },
  {
    "op": "replace",
    "path": "/0/attributes/yPosRel/avg",
    "value": 2,
    "file": "game:worldgen/deposits/metalore/galena.json"
  },
  {
    "op": "replace",
    "path": "/0/attributes/yPosRel/var",
    "value": 2,
    "file": "game:worldgen/deposits/metalore/galena.json"
  },
  {
    "op": "replace",
    "path": "/0/childDeposits/0/attributes/randomTries/avg",
    "value": 20,
    "file": "game:worldgen/deposits/metalore/galena.json"
  },
  {
    "op": "replace",
    "path": "/0/triesPerChunk",
    "value": 0.008,
    "file": "game:worldgen/deposits/metalore/galena.json"
  }
]