[
  {
    "op": "replace",
    "path": "/0/ingredientPattern",
    "value": "TB\tSR",
    "file": "game:recipes/grid/tool/blade.json"
  },
  {
    "op": "add",
    "path": "/0/ingredients/B",
    "value": {
      "type": "item",
      "code": "hammersringingfall:metalband-*"
    },
    "file": "game:recipes/grid/tool/blade.json"
  },
  {
    "op": "add",
    "path": "/0/ingredients/R",
    "value": {
      "type": "item",
      "code": "hammersringingfall:rivet-*",
      "quantity": 2
    },
    "file": "game:recipes/grid/tool/blade.json"
  },
  {
    "op": "replace",
    "path": "/0/ingredients/S/code",
    "value": "hammersringingfall:toolhaft-medium-finished",
    "file": "game:recipes/grid/tool/blade.json"
  },
  {
    "op": "replace",
    "path": "/0/ingredients/S/type",
    "value": "Item",
    "file": "game:recipes/grid/tool/blade.json"
  },
  {
    "op": "replace",
    "path": "/0/width",
    "value": 2,
    "file": "game:recipes/grid/tool/blade.json"
  },
  {
    "op": "replace",
    "path": "/1/ingredientPattern",
    "value": "TB,SR",
    "file": "game:recipes/grid/tool/blade.json"
  },
  {
    "op": "remove",
    "path": "/1/ingredients/C",
    "file": "game:recipes/grid/tool/blade.json"
  },
  {
    "op": "add",
    "path": "/1/ingredients/B",
    "value": {
      "type": "Item",
      "code": "hammersringingfall:rivet-*"
    },
    "file": "game:recipes/grid/tool/blade.json"
  },
  {
    "op": "add",
    "path": "/1/ingredients/R",
    "value": {
      "type": "Item",
      "code": "hammersringingfall:band-*"
    },
    "file": "game:recipes/grid/tool/blade.json"
  },
  {
    "op": "replace",
    "path": "/1/ingredients/S/code",
    "value": "hammersringingfall:toolhaft-medium-finished",
    "file": "game:recipes/grid/tool/blade.json"
  },
  {
    "op": "replace",
    "path": "/1/ingredients/S/type",
    "value": "Item",
    "file": "game:recipes/grid/tool/blade.json"
  },
  {
    "op": "replace",
    "path": "/1/requiresTrait",
    "value": "Mercenary",
    "file": "game:recipes/grid/tool/blade.json"
  },
  {
    "op": "replace",
    "path": "/2/ingredientPattern",
    "value": "TB,P_,SR",
    "file": "game:recipes/grid/tool/blade.json"
  },
  {
    "op": "add",
    "path": "/2/ingredients/B",
    "value": {
      "type": "Item",
      "code": "hammersringingfall:rivet-*"
    },
    "file": "game:recipes/grid/tool/blade.json"
  },
  {
    "op": "add",
    "path": "/2/ingredients/R",
    "value": {
      "type": "Item",
      "code": "hammersringingfall:band-*"
    },
    "file": "game:recipes/grid/tool/blade.json"
  },
  {
    "op": "replace",
    "path": "/2/ingredients/S/code",
    "value": "hammersringingfall:toolhaft-medium-finished",
    "file": "game:recipes/grid/tool/blade.json"
  },
  {
    "op": "replace",
    "path": "/2/ingredients/S/type",
    "value": "Item",
    "file": "game:recipes/grid/tool/blade.json"
  },
  {
    "op": "replace",
    "path": "/2/width",
    "value": 2,
    "file": "game:recipes/grid/tool/blade.json"
  },
  {
    "op": "replace",
    "path": "/3/ingredientPattern",
    "value": "TB,P_,SR",
    "file": "game:recipes/grid/tool/blade.json"
  },
  {
    "op": "add",
    "path": "/3/ingredients/B",
    "value": {
      "type": "Item",
      "code": "hammersringingfall:rivet-*"
    },
    "file": "game:recipes/grid/tool/blade.json"
  },
  {
    "op": "add",
    "path": "/3/ingredients/R",
    "value": {
      "type": "Item",
      "code": "hammersringingfall:band-*"
    },
    "file": "game:recipes/grid/tool/blade.json"
  },
  {
    "op": "replace",
    "path": "/3/ingredients/S/code",
    "value": "hammersringingfall:toolhaft-medium-finished",
    "file": "game:recipes/grid/tool/blade.json"
  },
  {
    "op": "replace",
    "path": "/3/ingredients/S/type",
    "value": "Item",
    "file": "game:recipes/grid/tool/blade.json"
  },
  {
    "op": "replace",
    "path": "/3/width",
    "value": 2,
    "file": "game:recipes/grid/tool/blade.json"
  }
]