[
  {
    "op": "replace",
    "path": "/0/ingredientPattern",
    "value": "BPB,PSP,BRB",
    "file": "game:recipes/grid/mechpowerblocks-pulverizer.json"
  },
  {
    "op": "add",
    "path": "/0/ingredients/B",
    "value": {
      "type": "Item",
      "code": "hammersringingfall:metalband-*",
      "quantity": 2
    },
    "file": "game:recipes/grid/mechpowerblocks-pulverizer.json"
  },
  {
    "op": "replace",
    "path": "/0/ingredients/P/quantity",
    "value": 16,
    "file": "game:recipes/grid/mechpowerblocks-pulverizer.json"
  },
  {
    "op": "replace",
    "path": "/0/ingredients/S/toolDurabilityCost",
    "value": 100,
    "file": "game:recipes/grid/mechpowerblocks-pulverizer.json"
  },
  {
    "op": "replace",
    "path": "/1/ingredientPattern",
    "value": "HPR,CA_",
    "file": "game:recipes/grid/mechpowerblocks-pulverizer.json"
  },
  {
    "op": "add",
    "path": "/1/ingredients/R",
    "value": {
      "type": "Item",
      "code": "hammersringingfall:rivet-*",
      "quantity": 4
    },
    "file": "game:recipes/grid/mechpowerblocks-pulverizer.json"
  },
  {
    "op": "add",
    "path": "/1/ingredients/P/quantity",
    "value": 2,
    "file": "game:recipes/grid/mechpowerblocks-pulverizer.json"
  },
  {
    "op": "replace",
    "path": "/1/width",
    "value": 3,
    "file": "game:recipes/grid/mechpowerblocks-pulverizer.json"
  },
  {
    "op": "replace",
    "path": "/2/ingredientPattern",
    "value": "HL_,CL_,RL_",
    "file": "game:recipes/grid/mechpowerblocks-pulverizer.json"
  },
  {
    "op": "add",
    "path": "/2/ingredients/R",
    "value": {
      "type": "item",
      "code": "resin",
      "quantity": 4
    },
    "file": "game:recipes/grid/mechpowerblocks-pulverizer.json"
  }
]