[
  {
    "op": "remove",
    "path": "/0/attributes/placeblock/allowedVariantsByInBlock/rock-claystone/1",
    "file": "game:worldgen/deposits/metalore/rhodochrosite.json"
  },
  {
    "op": "remove",
    "path": "/0/attributes/placeblock/allowedVariantsByInBlock/rock-claystone/1",
    "file": "game:worldgen/deposits/metalore/rhodochrosite.json"
  },
  {
    "op": "remove",
    "path": "/0/attributes/placeblock/allowedVariantsByInBlock/rock-conglomerate/1",
    "file": "game:worldgen/deposits/metalore/rhodochrosite.json"
  },
  {
    "op": "remove",
    "path": "/0/attributes/placeblock/allowedVariantsByInBlock/rock-conglomerate/1",
    "file": "game:worldgen/deposits/metalore/rhodochrosite.json"
  },
  {
    "op": "remove",
    "path": "/0/attributes/placeblock/allowedVariantsByInBlock/rock-phyllite/1",
    "file": "game:worldgen/deposits/metalore/rhodochrosite.json"
  },
  {
    "op": "remove",
    "path": "/0/attributes/placeblock/allowedVariantsByInBlock/rock-phyllite/1",
    "file": "game:worldgen/deposits/metalore/rhodochrosite.json"
  },
  {
    "op": "remove",
    "path": "/0/attributes/placeblock/allowedVariantsByInBlock/rock-phyllite/1",
    "file": "game:worldgen/deposits/metalore/rhodochrosite.json"
  },
  {
    "op": "remove",
    "path": "/0/attributes/placeblock/allowedVariantsByInBlock/rock-sandstone/1",
    "file": "game:worldgen/deposits/metalore/rhodochrosite.json"
  },
  {
    "op": "remove",
    "path": "/0/attributes/placeblock/allowedVariantsByInBlock/rock-sandstone/1",
    "file": "game:worldgen/deposits/metalore/rhodochrosite.json"
  },
  {
    "op": "remove",
    "path": "/0/attributes/placeblock/allowedVariantsByInBlock/rock-shale/2",
    "file": "game:worldgen/deposits/metalore/rhodochrosite.json"
  },
  {
    "op": "remove",
    "path": "/0/attributes/placeblock/allowedVariantsByInBlock/rock-slate/1",
    "file": "game:worldgen/deposits/metalore/rhodochrosite.json"
  },
  {
    "op": "remove",
    "path": "/0/attributes/placeblock/allowedVariantsByInBlock/rock-slate/1",
    "file": "game:worldgen/deposits/metalore/rhodochrosite.json"
  },
  {
    "op": "remove",
    "path": "/0/attributes/placeblock/allowedVariantsByInBlock/rock-slate/1",
    "file": "game:worldgen/deposits/metalore/rhodochrosite.json"
  },
  {
    "op": "replace",
    "path": "/0/attributes/radius/avg",
    "value": 1,
    "file": "game:worldgen/deposits/metalore/rhodochrosite.json"
  },
  {
    "op": "replace",
    "path": "/0/attributes/thickness/avg",
    "value": 10,
    "file": "game:worldgen/deposits/metalore/rhodochrosite.json"
  },
  {
    "op": "replace",
    "path": "/0/attributes/thickness/var",
    "value": 15,
    "file": "game:worldgen/deposits/metalore/rhodochrosite.json"
  },
  {
    "op": "replace",
    "path": "/0/triesPerChunk",
    "value": 0.005,
    "file": "game:worldgen/deposits/metalore/rhodochrosite.json"
  }
]