[
  {
    "op": "replace",
    "path": "/ingredientPattern",
    "value": "PP,BN,PP",
    "file": "game:recipes/grid/shelf.json"
  },
  {
    "op": "add",
    "path": "/ingredients/B",
    "value": {
      "type": "Item",
      "code": "hammersringingfall:metalband-*",
      "quantity": 2
    },
    "file": "game:recipes/grid/shelf.json"
  },
  {
    "op": "add",
    "path": "/ingredients/N",
    "value": {
      "type": "Item",
      "code": "hammersringingfall:nail-*",
      "quantity": 4
    },
    "file": "game:recipes/grid/shelf.json"
  }
]