[
  {
    "op": "replace",
    "path": "/0/attributes/radius/avg",
    "value": 15,
    "file": "game:worldgen/deposits/coal.json"
  },
  {
    "op": "replace",
    "path": "/0/attributes/radius/var",
    "value": 8,
    "file": "game:worldgen/deposits/coal.json"
  },
  {
    "op": "replace",
    "path": "/0/attributes/thickness/var",
    "value": 8,
    "file": "game:worldgen/deposits/coal.json"
  },
  {
    "op": "replace",
    "path": "/0/triesPerChunk",
    "value": 0.008,
    "file": "game:worldgen/deposits/coal.json"
  },
  {
    "op": "replace",
    "path": "/1/attributes/radius/avg",
    "value": 15,
    "file": "game:worldgen/deposits/coal.json"
  },
  {
    "op": "replace",
    "path": "/1/attributes/radius/var",
    "value": 8,
    "file": "game:worldgen/deposits/coal.json"
  },
  {
    "op": "replace",
    "path": "/1/attributes/thickness/var",
    "value": 8,
    "file": "game:worldgen/deposits/coal.json"
  },
  {
    "op": "replace",
    "path": "/1/triesPerChunk",
    "value": 0.007,
    "file": "game:worldgen/deposits/coal.json"
  },
  {
    "op": "replace",
    "path": "/2/attributes/radius/avg",
    "value": 10,
    "file": "game:worldgen/deposits/coal.json"
  },
  {
    "op": "replace",
    "path": "/2/attributes/radius/var",
    "value": 8,
    "file": "game:worldgen/deposits/coal.json"
  },
  {
    "op": "replace",
    "path": "/2/attributes/thickness/var",
    "value": 5,
    "file": "game:worldgen/deposits/coal.json"
  },
  {
    "op": "replace",
    "path": "/2/triesPerChunk",
    "value": 0.006,
    "file": "game:worldgen/deposits/coal.json"
  }
]