[
  {
    "op": "add",
    "path": "/0/enabled",
    "value": false,
    "file": "game:recipes/grid/bookshelf.json"
  },
  {
    "op": "add",
    "path": "/1/enabled",
    "value": false,
    "file": "game:recipes/grid/bookshelf.json"
  },
  {
    "op": "add",
    "path": "/2/enabled",
    "value": false,
    "file": "game:recipes/grid/bookshelf.json"
  },
  {
    "op": "add",
    "path": "/3/enabled",
    "value": false,
    "file": "game:recipes/grid/bookshelf.json"
  }
]