[
  {
    "op": "replace",
    "path": "/0/ingredients/0/litres",
    "value": 10,
    "file": "game:recipes/barrel/cider.json"
  },
  {
    "op": "replace",
    "path": "/0/output/litres",
    "value": 10,
    "file": "game:recipes/barrel/cider.json"
  },
  {
    "op": "replace",
    "path": "/1/ingredients/0/litres",
    "value": 10,
    "file": "game:recipes/barrel/cider.json"
  },
  {
    "op": "replace",
    "path": "/1/output/litres",
    "value": 1,
    "file": "game:recipes/barrel/cider.json"
  },
  {
    "op": "replace",
    "path": "/2/ingredients/0/litres",
    "value": 10,
    "file": "game:recipes/barrel/cider.json"
  },
  {
    "op": "replace",
    "path": "/2/ingredients/1/quantity",
    "value": 10,
    "file": "game:recipes/barrel/cider.json"
  },
  {
    "op": "replace",
    "path": "/2/output/litres",
    "value": 1,
    "file": "game:recipes/barrel/cider.json"
  },
  {
    "op": "replace",
    "path": "/3/ingredients/0/litres",
    "value": 10,
    "file": "game:recipes/barrel/cider.json"
  },
  {
    "op": "replace",
    "path": "/3/ingredients/1/quantity",
    "value": 10,
    "file": "game:recipes/barrel/cider.json"
  },
  {
    "op": "replace",
    "path": "/3/output/litres",
    "value": 1,
    "file": "game:recipes/barrel/cider.json"
  },
  {
    "op": "replace",
    "path": "/4/ingredients/0/litres",
    "value": 10,
    "file": "game:recipes/barrel/cider.json"
  },
  {
    "op": "replace",
    "path": "/4/ingredients/1/quantity",
    "value": 10,
    "file": "game:recipes/barrel/cider.json"
  },
  {
    "op": "replace",
    "path": "/4/output/litres",
    "value": 1,
    "file": "game:recipes/barrel/cider.json"
  },
  {
    "op": "replace",
    "path": "/5/ingredients/0/litres",
    "value": 10,
    "file": "game:recipes/barrel/cider.json"
  },
  {
    "op": "replace",
    "path": "/5/ingredients/1/quantity",
    "value": 10,
    "file": "game:recipes/barrel/cider.json"
  },
  {
    "op": "replace",
    "path": "/5/output/litres",
    "value": 1,
    "file": "game:recipes/barrel/cider.json"
  },
  {
    "op": "replace",
    "path": "/6/ingredients/0/litres",
    "value": 10,
    "file": "game:recipes/barrel/cider.json"
  },
  {
    "op": "replace",
    "path": "/6/ingredients/1/quantity",
    "value": 10,
    "file": "game:recipes/barrel/cider.json"
  },
  {
    "op": "replace",
    "path": "/6/output/litres",
    "value": 1,
    "file": "game:recipes/barrel/cider.json"
  }
]