[
  {
    "op": "add",
    "path": "/0/ingredients/C/quantity",
    "value": 4,
    "file": "game:recipes/grid/beenade.json"
  },
  {
    "op": "add",
    "path": "/0/ingredients/L/quantity",
    "value": 2,
    "file": "game:recipes/grid/beenade.json"
  },
  {
    "op": "add",
    "path": "/1/ingredients/C/quantity",
    "value": 4,
    "file": "game:recipes/grid/beenade.json"
  },
  {
    "op": "add",
    "path": "/1/ingredients/P/quantity",
    "value": 2,
    "file": "game:recipes/grid/beenade.json"
  }
]