[
  {
    "op": "remove",
    "path": "/0/attributes/placeblock/allowedVariantsByInBlock/rock-basalt/2",
    "file": "game:worldgen/deposits/metalore/nativecopper.json"
  },
  {
    "op": "remove",
    "path": "/1/attributes/placeblock/allowedVariantsByInBlock/rock-andesite/1",
    "file": "game:worldgen/deposits/metalore/nativecopper.json"
  },
  {
    "op": "remove",
    "path": "/1/attributes/placeblock/allowedVariantsByInBlock/rock-andesite/1",
    "file": "game:worldgen/deposits/metalore/nativecopper.json"
  },
  {
    "op": "remove",
    "path": "/1/attributes/placeblock/allowedVariantsByInBlock/rock-basalt/1",
    "file": "game:worldgen/deposits/metalore/nativecopper.json"
  },
  {
    "op": "remove",
    "path": "/1/attributes/placeblock/allowedVariantsByInBlock/rock-basalt/1",
    "file": "game:worldgen/deposits/metalore/nativecopper.json"
  },
  {
    "op": "remove",
    "path": "/1/attributes/placeblock/allowedVariantsByInBlock/rock-chalk/1",
    "file": "game:worldgen/deposits/metalore/nativecopper.json"
  },
  {
    "op": "remove",
    "path": "/1/attributes/placeblock/allowedVariantsByInBlock/rock-chert/1",
    "file": "game:worldgen/deposits/metalore/nativecopper.json"
  },
  {
    "op": "remove",
    "path": "/1/attributes/placeblock/allowedVariantsByInBlock/rock-claystone/1",
    "file": "game:worldgen/deposits/metalore/nativecopper.json"
  },
  {
    "op": "remove",
    "path": "/1/attributes/placeblock/allowedVariantsByInBlock/rock-conglomerate/1",
    "file": "game:worldgen/deposits/metalore/nativecopper.json"
  },
  {
    "op": "remove",
    "path": "/1/attributes/placeblock/allowedVariantsByInBlock/rock-granite/2",
    "file": "game:worldgen/deposits/metalore/nativecopper.json"
  },
  {
    "op": "remove",
    "path": "/1/attributes/placeblock/allowedVariantsByInBlock/rock-peridotite/2",
    "file": "game:worldgen/deposits/metalore/nativecopper.json"
  },
  {
    "op": "remove",
    "path": "/1/attributes/placeblock/allowedVariantsByInBlock/rock-phyllite/1",
    "file": "game:worldgen/deposits/metalore/nativecopper.json"
  },
  {
    "op": "remove",
    "path": "/1/attributes/placeblock/allowedVariantsByInBlock/rock-phyllite/1",
    "file": "game:worldgen/deposits/metalore/nativecopper.json"
  },
  {
    "op": "remove",
    "path": "/1/attributes/placeblock/allowedVariantsByInBlock/rock-slate/1",
    "file": "game:worldgen/deposits/metalore/nativecopper.json"
  },
  {
    "op": "remove",
    "path": "/1/attributes/placeblock/allowedVariantsByInBlock/rock-slate/1",
    "file": "game:worldgen/deposits/metalore/nativecopper.json"
  },
  {
    "op": "replace",
    "path": "/1/attributes/radius/avg",
    "value": 15,
    "file": "game:worldgen/deposits/metalore/nativecopper.json"
  },
  {
    "op": "replace",
    "path": "/1/attributes/radius/var",
    "value": 20,
    "file": "game:worldgen/deposits/metalore/nativecopper.json"
  },
  {
    "op": "replace",
    "path": "/1/attributes/thickness/avg",
    "value": 10,
    "file": "game:worldgen/deposits/metalore/nativecopper.json"
  },
  {
    "op": "replace",
    "path": "/1/attributes/thickness/var",
    "value": 11,
    "file": "game:worldgen/deposits/metalore/nativecopper.json"
  },
  {
    "op": "replace",
    "path": "/1/attributes/yPosRel/avg",
    "value": 2,
    "file": "game:worldgen/deposits/metalore/nativecopper.json"
  },
  {
    "op": "replace",
    "path": "/1/attributes/yPosRel/var",
    "value": 2,
    "file": "game:worldgen/deposits/metalore/nativecopper.json"
  },
  {
    "op": "replace",
    "path": "/1/triesPerChunk",
    "value": 0.07,
    "file": "game:worldgen/deposits/metalore/nativecopper.json"
  }
]