[
  {
    "op": "replace",
    "path": "/attributes/tradeProps/buying/maxItems",
    "value": 0,
    "file": "game:entities/humanoid/trader-agriculture.json"
  },
  {
    "op": "replace",
    "path": "/attributes/tradeProps/selling/list/0/price/avg",
    "value": 20,
    "file": "game:entities/humanoid/trader-agriculture.json"
  },
  {
    "op": "replace",
    "path": "/attributes/tradeProps/selling/list/0/price/var",
    "value": 5,
    "file": "game:entities/humanoid/trader-agriculture.json"
  },
  {
    "op": "replace",
    "path": "/attributes/tradeProps/selling/list/0/stock/avg",
    "value": 40,
    "file": "game:entities/humanoid/trader-agriculture.json"
  },
  {
    "op": "replace",
    "path": "/attributes/tradeProps/selling/list/0/stock/var",
    "value": 10,
    "file": "game:entities/humanoid/trader-agriculture.json"
  },
  {
    "op": "replace",
    "path": "/attributes/tradeProps/selling/list/1/price/avg",
    "value": 10,
    "file": "game:entities/humanoid/trader-agriculture.json"
  },
  {
    "op": "replace",
    "path": "/attributes/tradeProps/selling/list/1/price/var",
    "value": 2.5,
    "file": "game:entities/humanoid/trader-agriculture.json"
  },
  {
    "op": "replace",
    "path": "/attributes/tradeProps/selling/list/1/stock/avg",
    "value": 80,
    "file": "game:entities/humanoid/trader-agriculture.json"
  },
  {
    "op": "replace",
    "path": "/attributes/tradeProps/selling/list/1/stock/var",
    "value": 20,
    "file": "game:entities/humanoid/trader-agriculture.json"
  },
  {
    "op": "replace",
    "path": "/attributes/tradeProps/selling/list/2/price/avg",
    "value": 10,
    "file": "game:entities/humanoid/trader-agriculture.json"
  },
  {
    "op": "replace",
    "path": "/attributes/tradeProps/selling/list/2/price/var",
    "value": 2.5,
    "file": "game:entities/humanoid/trader-agriculture.json"
  },
  {
    "op": "replace",
    "path": "/attributes/tradeProps/selling/list/2/stock/avg",
    "value": 80,
    "file": "game:entities/humanoid/trader-agriculture.json"
  },
  {
    "op": "replace",
    "path": "/attributes/tradeProps/selling/list/2/stock/var",
    "value": 20,
    "file": "game:entities/humanoid/trader-agriculture.json"
  },
  {
    "op": "replace",
    "path": "/attributes/tradeProps/selling/list/3/price/avg",
    "value": 20,
    "file": "game:entities/humanoid/trader-agriculture.json"
  },
  {
    "op": "replace",
    "path": "/attributes/tradeProps/selling/list/3/price/var",
    "value": 5,
    "file": "game:entities/humanoid/trader-agriculture.json"
  },
  {
    "op": "replace",
    "path": "/attributes/tradeProps/selling/list/3/stock/avg",
    "value": 80,
    "file": "game:entities/humanoid/trader-agriculture.json"
  },
  {
    "op": "replace",
    "path": "/attributes/tradeProps/selling/list/3/stock/var",
    "value": 20,
    "file": "game:entities/humanoid/trader-agriculture.json"
  },
  {
    "op": "replace",
    "path": "/attributes/tradeProps/selling/list/4/price/avg",
    "value": 10,
    "file": "game:entities/humanoid/trader-agriculture.json"
  },
  {
    "op": "replace",
    "path": "/attributes/tradeProps/selling/list/4/price/var",
    "value": 2.5,
    "file": "game:entities/humanoid/trader-agriculture.json"
  },
  {
    "op": "replace",
    "path": "/attributes/tradeProps/selling/list/4/stock/avg",
    "value": 20,
    "file": "game:entities/humanoid/trader-agriculture.json"
  },
  {
    "op": "replace",
    "path": "/attributes/tradeProps/selling/list/4/stock/var",
    "value": 5,
    "file": "game:entities/humanoid/trader-agriculture.json"
  },
  {
    "op": "replace",
    "path": "/attributes/tradeProps/selling/list/5/price/avg",
    "value": 20,
    "file": "game:entities/humanoid/trader-agriculture.json"
  },
  {
    "op": "replace",
    "path": "/attributes/tradeProps/selling/list/5/price/var",
    "value": 5,
    "file": "game:entities/humanoid/trader-agriculture.json"
  },
  {
    "op": "replace",
    "path": "/attributes/tradeProps/selling/list/5/stock/avg",
    "value": 40,
    "file": "game:entities/humanoid/trader-agriculture.json"
  },
  {
    "op": "replace",
    "path": "/attributes/tradeProps/selling/list/5/stock/var",
    "value": 10,
    "file": "game:entities/humanoid/trader-agriculture.json"
  },
  {
    "op": "replace",
    "path": "/attributes/tradeProps/selling/list/6/price/avg",
    "value": 10,
    "file": "game:entities/humanoid/trader-agriculture.json"
  },
  {
    "op": "replace",
    "path": "/attributes/tradeProps/selling/list/6/price/var",
    "value": 2.5,
    "file": "game:entities/humanoid/trader-agriculture.json"
  },
  {
    "op": "replace",
    "path": "/attributes/tradeProps/selling/list/7/price/avg",
    "value": 20,
    "file": "game:entities/humanoid/trader-agriculture.json"
  },
  {
    "op": "replace",
    "path": "/attributes/tradeProps/selling/list/7/price/var",
    "value": 5,
    "file": "game:entities/humanoid/trader-agriculture.json"
  },
  {
    "op": "replace",
    "path": "/attributes/tradeProps/selling/list/7/stock/avg",
    "value": 40,
    "file": "game:entities/humanoid/trader-agriculture.json"
  },
  {
    "op": "replace",
    "path": "/attributes/tradeProps/selling/list/7/stock/var",
    "value": 10,
    "file": "game:entities/humanoid/trader-agriculture.json"
  },
  {
    "op": "replace",
    "path": "/attributes/tradeProps/selling/list/8/price/avg",
    "value": 20,
    "file": "game:entities/humanoid/trader-agriculture.json"
  },
  {
    "op": "replace",
    "path": "/attributes/tradeProps/selling/list/8/price/var",
    "value": 5,
    "file": "game:entities/humanoid/trader-agriculture.json"
  },
  {
    "op": "replace",
    "path": "/attributes/tradeProps/selling/list/8/stock/avg",
    "value": 40,
    "file": "game:entities/humanoid/trader-agriculture.json"
  },
  {
    "op": "replace",
    "path": "/attributes/tradeProps/selling/list/8/stock/var",
    "value": 12,
    "file": "game:entities/humanoid/trader-agriculture.json"
  },
  {
    "op": "replace",
    "path": "/attributes/tradeProps/selling/list/9/price/avg",
    "value": 20,
    "file": "game:entities/humanoid/trader-agriculture.json"
  },
  {
    "op": "replace",
    "path": "/attributes/tradeProps/selling/list/9/price/var",
    "value": 5,
    "file": "game:entities/humanoid/trader-agriculture.json"
  },
  {
    "op": "replace",
    "path": "/attributes/tradeProps/selling/list/9/stock/avg",
    "value": 40,
    "file": "game:entities/humanoid/trader-agriculture.json"
  },
  {
    "op": "replace",
    "path": "/attributes/tradeProps/selling/list/9/stock/var",
    "value": 12,
    "file": "game:entities/humanoid/trader-agriculture.json"
  },
  {
    "op": "replace",
    "path": "/attributes/tradeProps/selling/list/10/price/avg",
    "value": 20,
    "file": "game:entities/humanoid/trader-agriculture.json"
  },
  {
    "op": "replace",
    "path": "/attributes/tradeProps/selling/list/10/price/var",
    "value": 5,
    "file": "game:entities/humanoid/trader-agriculture.json"
  },
  {
    "op": "replace",
    "path": "/attributes/tradeProps/selling/list/10/stock/avg",
    "value": 40,
    "file": "game:entities/humanoid/trader-agriculture.json"
  },
  {
    "op": "replace",
    "path": "/attributes/tradeProps/selling/list/10/stock/var",
    "value": 12,
    "file": "game:entities/humanoid/trader-agriculture.json"
  },
  {
    "op": "replace",
    "path": "/attributes/tradeProps/selling/list/11/price/avg",
    "value": 20,
    "file": "game:entities/humanoid/trader-agriculture.json"
  },
  {
    "op": "replace",
    "path": "/attributes/tradeProps/selling/list/11/price/var",
    "value": 5,
    "file": "game:entities/humanoid/trader-agriculture.json"
  },
  {
    "op": "replace",
    "path": "/attributes/tradeProps/selling/list/11/stock/avg",
    "value": 40,
    "file": "game:entities/humanoid/trader-agriculture.json"
  },
  {
    "op": "replace",
    "path": "/attributes/tradeProps/selling/list/11/stock/var",
    "value": 12,
    "file": "game:entities/humanoid/trader-agriculture.json"
  },
  {
    "op": "replace",
    "path": "/attributes/tradeProps/selling/list/12/price/avg",
    "value": 20,
    "file": "game:entities/humanoid/trader-agriculture.json"
  },
  {
    "op": "replace",
    "path": "/attributes/tradeProps/selling/list/12/price/var",
    "value": 5,
    "file": "game:entities/humanoid/trader-agriculture.json"
  },
  {
    "op": "replace",
    "path": "/attributes/tradeProps/selling/list/12/stock/avg",
    "value": 40,
    "file": "game:entities/humanoid/trader-agriculture.json"
  },
  {
    "op": "replace",
    "path": "/attributes/tradeProps/selling/list/12/stock/var",
    "value": 12,
    "file": "game:entities/humanoid/trader-agriculture.json"
  },
  {
    "op": "replace",
    "path": "/attributes/tradeProps/selling/list/13/price/avg",
    "value": 40,
    "file": "game:entities/humanoid/trader-agriculture.json"
  },
  {
    "op": "replace",
    "path": "/attributes/tradeProps/selling/list/13/price/var",
    "value": 10,
    "file": "game:entities/humanoid/trader-agriculture.json"
  },
  {
    "op": "replace",
    "path": "/attributes/tradeProps/selling/list/13/stock/avg",
    "value": 40,
    "file": "game:entities/humanoid/trader-agriculture.json"
  },
  {
    "op": "replace",
    "path": "/attributes/tradeProps/selling/list/13/stock/var",
    "value": 10,
    "file": "game:entities/humanoid/trader-agriculture.json"
  },
  {
    "op": "replace",
    "path": "/attributes/tradeProps/selling/list/14/price/avg",
    "value": 40,
    "file": "game:entities/humanoid/trader-agriculture.json"
  },
  {
    "op": "replace",
    "path": "/attributes/tradeProps/selling/list/14/price/var",
    "value": 10,
    "file": "game:entities/humanoid/trader-agriculture.json"
  },
  {
    "op": "replace",
    "path": "/attributes/tradeProps/selling/list/14/stock/avg",
    "value": 40,
    "file": "game:entities/humanoid/trader-agriculture.json"
  },
  {
    "op": "replace",
    "path": "/attributes/tradeProps/selling/list/14/stock/var",
    "value": 10,
    "file": "game:entities/humanoid/trader-agriculture.json"
  },
  {
    "op": "replace",
    "path": "/attributes/tradeProps/selling/list/15/price/avg",
    "value": 40,
    "file": "game:entities/humanoid/trader-agriculture.json"
  },
  {
    "op": "replace",
    "path": "/attributes/tradeProps/selling/list/15/price/var",
    "value": 10,
    "file": "game:entities/humanoid/trader-agriculture.json"
  },
  {
    "op": "replace",
    "path": "/attributes/tradeProps/selling/list/15/stock/avg",
    "value": 40,
    "file": "game:entities/humanoid/trader-agriculture.json"
  },
  {
    "op": "replace",
    "path": "/attributes/tradeProps/selling/list/15/stock/var",
    "value": 10,
    "file": "game:entities/humanoid/trader-agriculture.json"
  },
  {
    "op": "replace",
    "path": "/attributes/tradeProps/selling/list/16/price/avg",
    "value": 80,
    "file": "game:entities/humanoid/trader-agriculture.json"
  },
  {
    "op": "replace",
    "path": "/attributes/tradeProps/selling/list/16/price/var",
    "value": 20,
    "file": "game:entities/humanoid/trader-agriculture.json"
  },
  {
    "op": "replace",
    "path": "/attributes/tradeProps/selling/list/16/stock/avg",
    "value": 20,
    "file": "game:entities/humanoid/trader-agriculture.json"
  },
  {
    "op": "replace",
    "path": "/attributes/tradeProps/selling/list/16/stock/var",
    "value": 5,
    "file": "game:entities/humanoid/trader-agriculture.json"
  },
  {
    "op": "replace",
    "path": "/attributes/tradeProps/selling/list/17/price/avg",
    "value": 80,
    "file": "game:entities/humanoid/trader-agriculture.json"
  },
  {
    "op": "replace",
    "path": "/attributes/tradeProps/selling/list/17/price/var",
    "value": 20,
    "file": "game:entities/humanoid/trader-agriculture.json"
  },
  {
    "op": "replace",
    "path": "/attributes/tradeProps/selling/list/17/stock/avg",
    "value": 20,
    "file": "game:entities/humanoid/trader-agriculture.json"
  },
  {
    "op": "replace",
    "path": "/attributes/tradeProps/selling/list/17/stock/var",
    "value": 5,
    "file": "game:entities/humanoid/trader-agriculture.json"
  },
  {
    "op": "replace",
    "path": "/attributes/tradeProps/selling/list/18/price/avg",
    "value": 40,
    "file": "game:entities/humanoid/trader-agriculture.json"
  },
  {
    "op": "replace",
    "path": "/attributes/tradeProps/selling/list/18/price/var",
    "value": 10,
    "file": "game:entities/humanoid/trader-agriculture.json"
  },
  {
    "op": "replace",
    "path": "/attributes/tradeProps/selling/list/18/stock/avg",
    "value": 20,
    "file": "game:entities/humanoid/trader-agriculture.json"
  },
  {
    "op": "replace",
    "path": "/attributes/tradeProps/selling/list/18/stock/var",
    "value": 5,
    "file": "game:entities/humanoid/trader-agriculture.json"
  },
  {
    "op": "replace",
    "path": "/attributes/tradeProps/selling/list/19/price/avg",
    "value": 60,
    "file": "game:entities/humanoid/trader-agriculture.json"
  },
  {
    "op": "replace",
    "path": "/attributes/tradeProps/selling/list/19/price/var",
    "value": 15,
    "file": "game:entities/humanoid/trader-agriculture.json"
  },
  {
    "op": "replace",
    "path": "/attributes/tradeProps/selling/list/19/stock/avg",
    "value": 20,
    "file": "game:entities/humanoid/trader-agriculture.json"
  },
  {
    "op": "replace",
    "path": "/attributes/tradeProps/selling/list/19/stock/var",
    "value": 5,
    "file": "game:entities/humanoid/trader-agriculture.json"
  },
  {
    "op": "replace",
    "path": "/attributes/tradeProps/selling/list/20/price/avg",
    "value": 40,
    "file": "game:entities/humanoid/trader-agriculture.json"
  },
  {
    "op": "replace",
    "path": "/attributes/tradeProps/selling/list/20/price/var",
    "value": 10,
    "file": "game:entities/humanoid/trader-agriculture.json"
  },
  {
    "op": "replace",
    "path": "/attributes/tradeProps/selling/list/20/stock/avg",
    "value": 20,
    "file": "game:entities/humanoid/trader-agriculture.json"
  },
  {
    "op": "replace",
    "path": "/attributes/tradeProps/selling/list/20/stock/var",
    "value": 5,
    "file": "game:entities/humanoid/trader-agriculture.json"
  },
  {
    "op": "replace",
    "path": "/attributes/tradeProps/selling/list/21/price/avg",
    "value": 40,
    "file": "game:entities/humanoid/trader-agriculture.json"
  },
  {
    "op": "replace",
    "path": "/attributes/tradeProps/selling/list/21/price/var",
    "value": 10,
    "file": "game:entities/humanoid/trader-agriculture.json"
  },
  {
    "op": "replace",
    "path": "/attributes/tradeProps/selling/list/21/stock/avg",
    "value": 40,
    "file": "game:entities/humanoid/trader-agriculture.json"
  },
  {
    "op": "replace",
    "path": "/attributes/tradeProps/selling/list/21/stock/var",
    "value": 10,
    "file": "game:entities/humanoid/trader-agriculture.json"
  },
  {
    "op": "replace",
    "path": "/attributes/tradeProps/selling/list/22/price/avg",
    "value": 100,
    "file": "game:entities/humanoid/trader-agriculture.json"
  },
  {
    "op": "replace",
    "path": "/attributes/tradeProps/selling/list/22/price/var",
    "value": 25,
    "file": "game:entities/humanoid/trader-agriculture.json"
  },
  {
    "op": "replace",
    "path": "/attributes/tradeProps/selling/list/22/stock/avg",
    "value": 10,
    "file": "game:entities/humanoid/trader-agriculture.json"
  },
  {
    "op": "replace",
    "path": "/attributes/tradeProps/selling/list/22/stock/var",
    "value": 2.5,
    "file": "game:entities/humanoid/trader-agriculture.json"
  },
  {
    "op": "replace",
    "path": "/attributes/tradeProps/selling/list/23/price/avg",
    "value": 80,
    "file": "game:entities/humanoid/trader-agriculture.json"
  },
  {
    "op": "replace",
    "path": "/attributes/tradeProps/selling/list/23/price/var",
    "value": 20,
    "file": "game:entities/humanoid/trader-agriculture.json"
  },
  {
    "op": "replace",
    "path": "/attributes/tradeProps/selling/list/23/stock/avg",
    "value": 10,
    "file": "game:entities/humanoid/trader-agriculture.json"
  },
  {
    "op": "replace",
    "path": "/attributes/tradeProps/selling/list/23/stock/var",
    "value": 2.5,
    "file": "game:entities/humanoid/trader-agriculture.json"
  },
  {
    "op": "replace",
    "path": "/attributes/tradeProps/selling/list/24/price/avg",
    "value": 100,
    "file": "game:entities/humanoid/trader-agriculture.json"
  },
  {
    "op": "replace",
    "path": "/attributes/tradeProps/selling/list/24/price/var",
    "value": 25,
    "file": "game:entities/humanoid/trader-agriculture.json"
  },
  {
    "op": "replace",
    "path": "/attributes/tradeProps/selling/list/24/stock/avg",
    "value": 30,
    "file": "game:entities/humanoid/trader-agriculture.json"
  },
  {
    "op": "replace",
    "path": "/attributes/tradeProps/selling/maxItems",
    "value": 0,
    "file": "game:entities/humanoid/trader-agriculture.json"
  }
]