[
  {
    "op": "replace",
    "path": "/0/ingredientPattern",
    "value": "IR,RI",
    "file": "game:recipes/grid/chute.json"
  },
  {
    "op": "add",
    "path": "/0/ingredients/R",
    "value": {
      "type": "Item",
      "code": "hammersringingfall:rivet-*",
      "quantity": 1
    },
    "file": "game:recipes/grid/chute.json"
  },
  {
    "op": "replace",
    "path": "/1/height",
    "value": 2,
    "file": "game:recipes/grid/chute.json"
  },
  {
    "op": "replace",
    "path": "/1/ingredientPattern",
    "value": "IR,IR",
    "file": "game:recipes/grid/chute.json"
  },
  {
    "op": "add",
    "path": "/1/ingredients/R",
    "value": {
      "type": "Item",
      "code": "hammersringingfall:rivet-*",
      "quantity": 1
    },
    "file": "game:recipes/grid/chute.json"
  },
  {
    "op": "replace",
    "path": "/2/ingredientPattern",
    "value": "RIR,I_I,RIR",
    "file": "game:recipes/grid/chute.json"
  },
  {
    "op": "add",
    "path": "/2/ingredients/R",
    "value": {
      "type": "Item",
      "code": "hammersringingfall:rivet-*",
      "quantity": 1
    },
    "file": "game:recipes/grid/chute.json"
  },
  {
    "op": "replace",
    "path": "/3/ingredientPattern",
    "value": "RIR,IRI",
    "file": "game:recipes/grid/chute.json"
  },
  {
    "op": "add",
    "path": "/3/ingredients/R",
    "value": {
      "type": "Item",
      "code": "hammersringingfall:rivet-*",
      "quantity": 1
    },
    "file": "game:recipes/grid/chute.json"
  },
  {
    "op": "replace",
    "path": "/4/ingredientPattern",
    "value": "RIR,IIR",
    "file": "game:recipes/grid/chute.json"
  },
  {
    "op": "remove",
    "path": "/4/ingredients/X",
    "file": "game:recipes/grid/chute.json"
  },
  {
    "op": "add",
    "path": "/4/ingredients/R",
    "value": {
      "type": "Item",
      "code": "hammersringingfall:rivet-*",
      "quantity": 1
    },
    "file": "game:recipes/grid/chute.json"
  }
]