[
  {
    "op": "remove",
    "path": "/width",
    "file": "game:recipes/grid/tool/solderingiron.json"
  },
  {
    "op": "add",
    "path": "/Width",
    "value": 1,
    "file": "game:recipes/grid/tool/solderingiron.json"
  },
  {
    "op": "replace",
    "path": "/ingredients/S/code",
    "value": "hammersringingfall:toolhaft-short-finished",
    "file": "game:recipes/grid/tool/solderingiron.json"
  },
  {
    "op": "replace",
    "path": "/ingredients/S/type",
    "value": "Item",
    "file": "game:recipes/grid/tool/solderingiron.json"
  }
]