[
  {
    "op": "replace",
    "path": "/ingredientPattern",
    "value": "LML,TBT,LML",
    "file": "game:recipes/grid/backpack.json"
  },
  {
    "op": "add",
    "path": "/ingredients/B",
    "value": {
      "type": "item",
      "code": "medieval:medieval-belt-bag"
    },
    "file": "game:recipes/grid/backpack.json"
  },
  {
    "op": "add",
    "path": "/ingredients/M",
    "value": {
      "type": "Item",
      "code": "game:metalbit-*",
      "quantity": 10,
      "allowedVariants": [
        "tinbronze",
        "bismuthbronze",
        "blackbronze"
      ]
    },
    "file": "game:recipes/grid/backpack.json"
  },
  {
    "op": "add",
    "path": "/ingredients/T",
    "value": {
      "type": "item",
      "code": "game:sewingkit",
      "quantity": 2
    },
    "file": "game:recipes/grid/backpack.json"
  },
  {
    "op": "replace",
    "path": "/ingredients/L/code",
    "value": "game:leather-plain",
    "file": "game:recipes/grid/backpack.json"
  },
  {
    "op": "replace",
    "path": "/ingredients/L/quantity",
    "value": 8,
    "file": "game:recipes/grid/backpack.json"
  },
  {
    "op": "replace",
    "path": "/output/code",
    "value": "game:backpack",
    "file": "game:recipes/grid/backpack.json"
  },
  {
    "op": "replace",
    "path": "/width",
    "value": 3,
    "file": "game:recipes/grid/backpack.json"
  }
]