[
  {
    "op": "replace",
    "path": "/0/attributes/radius/var",
    "value": 64,
    "file": "game:worldgen/deposits/rock/cracked.json"
  },
  {
    "op": "replace",
    "path": "/0/attributes/thickness/avg",
    "value": 2,
    "file": "game:worldgen/deposits/rock/cracked.json"
  },
  {
    "op": "replace",
    "path": "/1/attributes/radius/var",
    "value": 64,
    "file": "game:worldgen/deposits/rock/cracked.json"
  },
  {
    "op": "replace",
    "path": "/1/attributes/thickness/avg",
    "value": 2,
    "file": "game:worldgen/deposits/rock/cracked.json"
  }
]