[
  {
    "op": "remove",
    "path": "/0/attributes/placeblock/allowedVariantsByInBlock/rock-greenmarble/2",
    "file": "game:worldgen/deposits/metalore/malachite.json"
  },
  {
    "op": "remove",
    "path": "/0/attributes/placeblock/allowedVariantsByInBlock/rock-limestone/2",
    "file": "game:worldgen/deposits/metalore/malachite.json"
  },
  {
    "op": "remove",
    "path": "/0/attributes/placeblock/allowedVariantsByInBlock/rock-limestone/2",
    "file": "game:worldgen/deposits/metalore/malachite.json"
  },
  {
    "op": "remove",
    "path": "/0/attributes/placeblock/allowedVariantsByInBlock/rock-redmarble/2",
    "file": "game:worldgen/deposits/metalore/malachite.json"
  },
  {
    "op": "remove",
    "path": "/0/attributes/placeblock/allowedVariantsByInBlock/rock-whitemarble/2",
    "file": "game:worldgen/deposits/metalore/malachite.json"
  },
  {
    "op": "replace",
    "path": "/0/attributes/radius/avg",
    "value": 12,
    "file": "game:worldgen/deposits/metalore/malachite.json"
  },
  {
    "op": "replace",
    "path": "/0/attributes/radius/var",
    "value": 13,
    "file": "game:worldgen/deposits/metalore/malachite.json"
  },
  {
    "op": "replace",
    "path": "/0/attributes/thickness/avg",
    "value": 14,
    "file": "game:worldgen/deposits/metalore/malachite.json"
  },
  {
    "op": "replace",
    "path": "/0/attributes/thickness/var",
    "value": 15,
    "file": "game:worldgen/deposits/metalore/malachite.json"
  },
  {
    "op": "replace",
    "path": "/0/attributes/yPosRel/avg",
    "value": 1,
    "file": "game:worldgen/deposits/metalore/malachite.json"
  },
  {
    "op": "replace",
    "path": "/0/attributes/yPosRel/var",
    "value": 1,
    "file": "game:worldgen/deposits/metalore/malachite.json"
  },
  {
    "op": "replace",
    "path": "/0/triesPerChunk",
    "value": 0.0025,
    "file": "game:worldgen/deposits/metalore/malachite.json"
  }
]