[
  {
    "op": "replace",
    "path": "/0/attributes/thickness/avg",
    "value": 30,
    "file": "game:worldgen/deposits/mineralore/halite.json"
  },
  {
    "op": "replace",
    "path": "/0/attributes/thickness/var",
    "value": 120,
    "file": "game:worldgen/deposits/mineralore/halite.json"
  },
  {
    "op": "replace",
    "path": "/0/triesPerChunk",
    "value": 0.003,
    "file": "game:worldgen/deposits/mineralore/halite.json"
  },
  {
    "op": "replace",
    "path": "/1/attributes/radius/var",
    "value": 18,
    "file": "game:worldgen/deposits/mineralore/halite.json"
  },
  {
    "op": "replace",
    "path": "/1/attributes/thickness/var",
    "value": 7.7,
    "file": "game:worldgen/deposits/mineralore/halite.json"
  },
  {
    "op": "replace",
    "path": "/1/triesPerChunk",
    "value": 0.002,
    "file": "game:worldgen/deposits/mineralore/halite.json"
  }
]