[
  {
    "op": "replace",
    "path": "/ingredientPattern",
    "value": "PNP",
    "file": "game:recipes/grid/slabs/plankslabs.json"
  },
  {
    "op": "add",
    "path": "/ingredients/N",
    "value": {
      "type": "Item",
      "code": "hammersringingfall:band-*",
      "quantity": 1
    },
    "file": "game:recipes/grid/slabs/plankslabs.json"
  },
  {
    "op": "add",
    "path": "/ingredients/P/quantity",
    "value": 2,
    "file": "game:recipes/grid/slabs/plankslabs.json"
  },
  {
    "op": "replace",
    "path": "/output/quantity",
    "value": 2,
    "file": "game:recipes/grid/slabs/plankslabs.json"
  },
  {
    "op": "replace",
    "path": "/width",
    "value": 3,
    "file": "game:recipes/grid/slabs/plankslabs.json"
  }
]