[
  {
    "op": "remove",
    "path": "/1/attributes/placeblock/allowedVariantsByInBlock/rock-granite/2",
    "file": "game:worldgen/deposits/metalore/cassiterite.json"
  },
  {
    "op": "remove",
    "path": "/1/attributes/placeblock/allowedVariantsByInBlock/rock-granite/2",
    "file": "game:worldgen/deposits/metalore/cassiterite.json"
  },
  {
    "op": "replace",
    "path": "/1/attributes/radius/avg",
    "value": 10,
    "file": "game:worldgen/deposits/metalore/cassiterite.json"
  },
  {
    "op": "replace",
    "path": "/1/attributes/radius/var",
    "value": 6,
    "file": "game:worldgen/deposits/metalore/cassiterite.json"
  },
  {
    "op": "replace",
    "path": "/1/attributes/thickness/avg",
    "value": 8,
    "file": "game:worldgen/deposits/metalore/cassiterite.json"
  },
  {
    "op": "replace",
    "path": "/1/attributes/thickness/var",
    "value": 7,
    "file": "game:worldgen/deposits/metalore/cassiterite.json"
  },
  {
    "op": "replace",
    "path": "/1/attributes/yPosRel/avg",
    "value": 2,
    "file": "game:worldgen/deposits/metalore/cassiterite.json"
  },
  {
    "op": "replace",
    "path": "/1/attributes/yPosRel/var",
    "value": 2,
    "file": "game:worldgen/deposits/metalore/cassiterite.json"
  },
  {
    "op": "replace",
    "path": "/1/triesPerChunk",
    "value": 0.00175,
    "file": "game:worldgen/deposits/metalore/cassiterite.json"
  },
  {
    "op": "remove",
    "path": "/2/attributes/placeblock/allowedVariantsByInBlock/rock-andesite/1",
    "file": "game:worldgen/deposits/metalore/cassiterite.json"
  },
  {
    "op": "remove",
    "path": "/2/attributes/placeblock/allowedVariantsByInBlock/rock-basalt/1",
    "file": "game:worldgen/deposits/metalore/cassiterite.json"
  },
  {
    "op": "remove",
    "path": "/2/attributes/placeblock/allowedVariantsByInBlock/rock-granite/2",
    "file": "game:worldgen/deposits/metalore/cassiterite.json"
  },
  {
    "op": "remove",
    "path": "/2/attributes/placeblock/allowedVariantsByInBlock/rock-granite/2",
    "file": "game:worldgen/deposits/metalore/cassiterite.json"
  },
  {
    "op": "remove",
    "path": "/2/attributes/placeblock/allowedVariantsByInBlock/rock-peridotite/1",
    "file": "game:worldgen/deposits/metalore/cassiterite.json"
  },
  {
    "op": "remove",
    "path": "/2/attributes/placeblock/allowedVariantsByInBlock/rock-phyllite/1",
    "file": "game:worldgen/deposits/metalore/cassiterite.json"
  },
  {
    "op": "remove",
    "path": "/2/attributes/placeblock/allowedVariantsByInBlock/rock-slate/1",
    "file": "game:worldgen/deposits/metalore/cassiterite.json"
  },
  {
    "op": "replace",
    "path": "/2/attributes/radius/avg",
    "value": 5,
    "file": "game:worldgen/deposits/metalore/cassiterite.json"
  },
  {
    "op": "replace",
    "path": "/2/attributes/radius/var",
    "value": 6,
    "file": "game:worldgen/deposits/metalore/cassiterite.json"
  },
  {
    "op": "replace",
    "path": "/2/attributes/thickness/avg",
    "value": 8,
    "file": "game:worldgen/deposits/metalore/cassiterite.json"
  },
  {
    "op": "replace",
    "path": "/2/attributes/thickness/var",
    "value": 7,
    "file": "game:worldgen/deposits/metalore/cassiterite.json"
  },
  {
    "op": "replace",
    "path": "/2/attributes/yPosRel/avg",
    "value": 2,
    "file": "game:worldgen/deposits/metalore/cassiterite.json"
  },
  {
    "op": "replace",
    "path": "/2/attributes/yPosRel/var",
    "value": 2,
    "file": "game:worldgen/deposits/metalore/cassiterite.json"
  },
  {
    "op": "replace",
    "path": "/2/triesPerChunk",
    "value": 0.01,
    "file": "game:worldgen/deposits/metalore/cassiterite.json"
  }
]