[
  {
    "op": "replace",
    "path": "/11/ingredients/H/quantity",
    "value": 4,
    "file": "game:recipes/grid/roofing.json"
  },
  {
    "op": "replace",
    "path": "/11/output/quantity",
    "value": 8,
    "file": "game:recipes/grid/roofing.json"
  },
  {
    "op": "replace",
    "path": "/12/ingredients/H/quantity",
    "value": 4,
    "file": "game:recipes/grid/roofing.json"
  },
  {
    "op": "replace",
    "path": "/12/output/quantity",
    "value": 8,
    "file": "game:recipes/grid/roofing.json"
  },
  {
    "op": "add",
    "path": "/13/ingredients/H/quantity",
    "value": 4,
    "file": "game:recipes/grid/roofing.json"
  },
  {
    "op": "add",
    "path": "/13/ingredients/S/quantity",
    "value": 4,
    "file": "game:recipes/grid/roofing.json"
  },
  {
    "op": "replace",
    "path": "/13/output/quantity",
    "value": 8,
    "file": "game:recipes/grid/roofing.json"
  },
  {
    "op": "replace",
    "path": "/14/ingredients/H/quantity",
    "value": 4,
    "file": "game:recipes/grid/roofing.json"
  },
  {
    "op": "replace",
    "path": "/14/output/quantity",
    "value": 8,
    "file": "game:recipes/grid/roofing.json"
  },
  {
    "op": "replace",
    "path": "/15/ingredients/H/quantity",
    "value": 4,
    "file": "game:recipes/grid/roofing.json"
  },
  {
    "op": "replace",
    "path": "/15/output/quantity",
    "value": 8,
    "file": "game:recipes/grid/roofing.json"
  },
  {
    "op": "replace",
    "path": "/16/ingredients/H/quantity",
    "value": 4,
    "file": "game:recipes/grid/roofing.json"
  },
  {
    "op": "replace",
    "path": "/16/output/quantity",
    "value": 8,
    "file": "game:recipes/grid/roofing.json"
  },
  {
    "op": "replace",
    "path": "/17/ingredients/C/quantity",
    "value": 4,
    "file": "game:recipes/grid/roofing.json"
  },
  {
    "op": "replace",
    "path": "/17/ingredients/H/quantity",
    "value": 12,
    "file": "game:recipes/grid/roofing.json"
  },
  {
    "op": "replace",
    "path": "/17/output/quantity",
    "value": 8,
    "file": "game:recipes/grid/roofing.json"
  },
  {
    "op": "replace",
    "path": "/18/ingredients/C/quantity",
    "value": 4,
    "file": "game:recipes/grid/roofing.json"
  },
  {
    "op": "replace",
    "path": "/18/ingredients/H/quantity",
    "value": 12,
    "file": "game:recipes/grid/roofing.json"
  },
  {
    "op": "replace",
    "path": "/18/output/quantity",
    "value": 8,
    "file": "game:recipes/grid/roofing.json"
  },
  {
    "op": "replace",
    "path": "/19/ingredients/C/quantity",
    "value": 4,
    "file": "game:recipes/grid/roofing.json"
  },
  {
    "op": "replace",
    "path": "/19/ingredients/H/quantity",
    "value": 12,
    "file": "game:recipes/grid/roofing.json"
  },
  {
    "op": "replace",
    "path": "/19/output/quantity",
    "value": 8,
    "file": "game:recipes/grid/roofing.json"
  },
  {
    "op": "replace",
    "path": "/20/ingredients/C/quantity",
    "value": 4,
    "file": "game:recipes/grid/roofing.json"
  },
  {
    "op": "replace",
    "path": "/20/ingredients/H/quantity",
    "value": 12,
    "file": "game:recipes/grid/roofing.json"
  },
  {
    "op": "replace",
    "path": "/20/output/quantity",
    "value": 8,
    "file": "game:recipes/grid/roofing.json"
  },
  {
    "op": "replace",
    "path": "/21/ingredients/C/quantity",
    "value": 4,
    "file": "game:recipes/grid/roofing.json"
  },
  {
    "op": "replace",
    "path": "/21/ingredients/H/quantity",
    "value": 12,
    "file": "game:recipes/grid/roofing.json"
  },
  {
    "op": "replace",
    "path": "/21/output/quantity",
    "value": 8,
    "file": "game:recipes/grid/roofing.json"
  },
  {
    "op": "add",
    "path": "/22/ingredients/H/quantity",
    "value": 4,
    "file": "game:recipes/grid/roofing.json"
  },
  {
    "op": "replace",
    "path": "/22/output/quantity",
    "value": 8,
    "file": "game:recipes/grid/roofing.json"
  },
  {
    "op": "add",
    "path": "/23/ingredients/H/quantity",
    "value": 4,
    "file": "game:recipes/grid/roofing.json"
  },
  {
    "op": "replace",
    "path": "/23/output/quantity",
    "value": 8,
    "file": "game:recipes/grid/roofing.json"
  },
  {
    "op": "add",
    "path": "/24/ingredients/H/quantity",
    "value": 4,
    "file": "game:recipes/grid/roofing.json"
  },
  {
    "op": "replace",
    "path": "/24/output/quantity",
    "value": 8,
    "file": "game:recipes/grid/roofing.json"
  },
  {
    "op": "add",
    "path": "/25/ingredients/H/quantity",
    "value": 4,
    "file": "game:recipes/grid/roofing.json"
  },
  {
    "op": "replace",
    "path": "/25/output/quantity",
    "value": 8,
    "file": "game:recipes/grid/roofing.json"
  },
  {
    "op": "add",
    "path": "/26/ingredients/H/quantity",
    "value": 4,
    "file": "game:recipes/grid/roofing.json"
  },
  {
    "op": "replace",
    "path": "/26/output/quantity",
    "value": 8,
    "file": "game:recipes/grid/roofing.json"
  },
  {
    "op": "add",
    "path": "/27/ingredients/H/quantity",
    "value": 4,
    "file": "game:recipes/grid/roofing.json"
  },
  {
    "op": "replace",
    "path": "/27/ingredients/P/quantity",
    "value": 8,
    "file": "game:recipes/grid/roofing.json"
  },
  {
    "op": "add",
    "path": "/27/ingredients/S/quantity",
    "value": 4,
    "file": "game:recipes/grid/roofing.json"
  },
  {
    "op": "replace",
    "path": "/27/output/quantity",
    "value": 16,
    "file": "game:recipes/grid/roofing.json"
  },
  {
    "op": "add",
    "path": "/28/ingredients/H/quantity",
    "value": 4,
    "file": "game:recipes/grid/roofing.json"
  },
  {
    "op": "replace",
    "path": "/28/ingredients/P/quantity",
    "value": 8,
    "file": "game:recipes/grid/roofing.json"
  },
  {
    "op": "add",
    "path": "/28/ingredients/S/quantity",
    "value": 4,
    "file": "game:recipes/grid/roofing.json"
  },
  {
    "op": "replace",
    "path": "/28/output/quantity",
    "value": 16,
    "file": "game:recipes/grid/roofing.json"
  },
  {
    "op": "add",
    "path": "/29/ingredients/H/quantity",
    "value": 4,
    "file": "game:recipes/grid/roofing.json"
  },
  {
    "op": "replace",
    "path": "/29/ingredients/P/quantity",
    "value": 8,
    "file": "game:recipes/grid/roofing.json"
  },
  {
    "op": "add",
    "path": "/29/ingredients/S/quantity",
    "value": 4,
    "file": "game:recipes/grid/roofing.json"
  },
  {
    "op": "replace",
    "path": "/29/output/quantity",
    "value": 16,
    "file": "game:recipes/grid/roofing.json"
  },
  {
    "op": "add",
    "path": "/30/ingredients/H/quantity",
    "value": 4,
    "file": "game:recipes/grid/roofing.json"
  },
  {
    "op": "replace",
    "path": "/30/ingredients/P/quantity",
    "value": 8,
    "file": "game:recipes/grid/roofing.json"
  },
  {
    "op": "add",
    "path": "/30/ingredients/S/quantity",
    "value": 4,
    "file": "game:recipes/grid/roofing.json"
  },
  {
    "op": "replace",
    "path": "/30/output/quantity",
    "value": 16,
    "file": "game:recipes/grid/roofing.json"
  },
  {
    "op": "add",
    "path": "/31/ingredients/H/quantity",
    "value": 4,
    "file": "game:recipes/grid/roofing.json"
  },
  {
    "op": "replace",
    "path": "/31/ingredients/P/quantity",
    "value": 8,
    "file": "game:recipes/grid/roofing.json"
  },
  {
    "op": "add",
    "path": "/31/ingredients/S/quantity",
    "value": 4,
    "file": "game:recipes/grid/roofing.json"
  },
  {
    "op": "replace",
    "path": "/31/output/quantity",
    "value": 16,
    "file": "game:recipes/grid/roofing.json"
  }
]