[
  {
    "op": "remove",
    "path": "/0/attributes/placeblock/allowedVariantsByInBlock/rock-andesite/1",
    "file": "game:worldgen/deposits/metalore/sphalerite.json"
  },
  {
    "op": "remove",
    "path": "/0/attributes/placeblock/allowedVariantsByInBlock/rock-basalt/1",
    "file": "game:worldgen/deposits/metalore/sphalerite.json"
  },
  {
    "op": "remove",
    "path": "/0/attributes/placeblock/allowedVariantsByInBlock/rock-chalk/1",
    "file": "game:worldgen/deposits/metalore/sphalerite.json"
  },
  {
    "op": "remove",
    "path": "/0/attributes/placeblock/allowedVariantsByInBlock/rock-chalk/1",
    "file": "game:worldgen/deposits/metalore/sphalerite.json"
  },
  {
    "op": "remove",
    "path": "/0/attributes/placeblock/allowedVariantsByInBlock/rock-chert/2",
    "file": "game:worldgen/deposits/metalore/sphalerite.json"
  },
  {
    "op": "remove",
    "path": "/0/attributes/placeblock/allowedVariantsByInBlock/rock-claystone/2",
    "file": "game:worldgen/deposits/metalore/sphalerite.json"
  },
  {
    "op": "remove",
    "path": "/0/attributes/placeblock/allowedVariantsByInBlock/rock-conglomerate/2",
    "file": "game:worldgen/deposits/metalore/sphalerite.json"
  },
  {
    "op": "remove",
    "path": "/0/attributes/placeblock/allowedVariantsByInBlock/rock-granite/1",
    "file": "game:worldgen/deposits/metalore/sphalerite.json"
  },
  {
    "op": "remove",
    "path": "/0/attributes/placeblock/allowedVariantsByInBlock/rock-limestone/2",
    "file": "game:worldgen/deposits/metalore/sphalerite.json"
  },
  {
    "op": "remove",
    "path": "/0/attributes/placeblock/allowedVariantsByInBlock/rock-peridotite/1",
    "file": "game:worldgen/deposits/metalore/sphalerite.json"
  },
  {
    "op": "remove",
    "path": "/0/attributes/placeblock/allowedVariantsByInBlock/rock-phyllite/1",
    "file": "game:worldgen/deposits/metalore/sphalerite.json"
  },
  {
    "op": "remove",
    "path": "/0/attributes/placeblock/allowedVariantsByInBlock/rock-phyllite/1",
    "file": "game:worldgen/deposits/metalore/sphalerite.json"
  },
  {
    "op": "remove",
    "path": "/0/attributes/placeblock/allowedVariantsByInBlock/rock-phyllite/1",
    "file": "game:worldgen/deposits/metalore/sphalerite.json"
  },
  {
    "op": "remove",
    "path": "/0/attributes/placeblock/allowedVariantsByInBlock/rock-sandstone/2",
    "file": "game:worldgen/deposits/metalore/sphalerite.json"
  },
  {
    "op": "remove",
    "path": "/0/attributes/placeblock/allowedVariantsByInBlock/rock-shale/1",
    "file": "game:worldgen/deposits/metalore/sphalerite.json"
  },
  {
    "op": "remove",
    "path": "/0/attributes/placeblock/allowedVariantsByInBlock/rock-shale/1",
    "file": "game:worldgen/deposits/metalore/sphalerite.json"
  },
  {
    "op": "remove",
    "path": "/0/attributes/placeblock/allowedVariantsByInBlock/rock-slate/2",
    "file": "game:worldgen/deposits/metalore/sphalerite.json"
  },
  {
    "op": "remove",
    "path": "/0/attributes/placeblock/allowedVariantsByInBlock/rock-slate/2",
    "file": "game:worldgen/deposits/metalore/sphalerite.json"
  },
  {
    "op": "replace",
    "path": "/0/attributes/radius/avg",
    "value": 9,
    "file": "game:worldgen/deposits/metalore/sphalerite.json"
  },
  {
    "op": "replace",
    "path": "/0/attributes/radius/var",
    "value": 9,
    "file": "game:worldgen/deposits/metalore/sphalerite.json"
  },
  {
    "op": "replace",
    "path": "/0/attributes/thickness/avg",
    "value": 12,
    "file": "game:worldgen/deposits/metalore/sphalerite.json"
  },
  {
    "op": "replace",
    "path": "/0/attributes/thickness/var",
    "value": 13,
    "file": "game:worldgen/deposits/metalore/sphalerite.json"
  },
  {
    "op": "replace",
    "path": "/0/attributes/yPosRel/avg",
    "value": 2,
    "file": "game:worldgen/deposits/metalore/sphalerite.json"
  },
  {
    "op": "replace",
    "path": "/0/attributes/yPosRel/var",
    "value": 2,
    "file": "game:worldgen/deposits/metalore/sphalerite.json"
  },
  {
    "op": "replace",
    "path": "/0/triesPerChunk",
    "value": 0.0125,
    "file": "game:worldgen/deposits/metalore/sphalerite.json"
  }
]