[
  {
    "op": "remove",
    "path": "/0/attributes/placeblock/allowedVariantsByInBlock/rock-basalt/1",
    "file": "game:worldgen/deposits/metalore/pentlandite.json"
  },
  {
    "op": "remove",
    "path": "/0/attributes/placeblock/allowedVariantsByInBlock/rock-granite/1",
    "file": "game:worldgen/deposits/metalore/pentlandite.json"
  },
  {
    "op": "remove",
    "path": "/0/attributes/placeblock/allowedVariantsByInBlock/rock-peridotite/1",
    "file": "game:worldgen/deposits/metalore/pentlandite.json"
  },
  {
    "op": "remove",
    "path": "/0/attributes/placeblock/allowedVariantsByInBlock/rock-peridotite/1",
    "file": "game:worldgen/deposits/metalore/pentlandite.json"
  },
  {
    "op": "remove",
    "path": "/0/attributes/placeblock/allowedVariantsByInBlock/rock-peridotite/1",
    "file": "game:worldgen/deposits/metalore/pentlandite.json"
  },
  {
    "op": "replace",
    "path": "/0/attributes/radius/var",
    "value": 9,
    "file": "game:worldgen/deposits/metalore/pentlandite.json"
  },
  {
    "op": "replace",
    "path": "/0/attributes/thickness/avg",
    "value": 4,
    "file": "game:worldgen/deposits/metalore/pentlandite.json"
  },
  {
    "op": "replace",
    "path": "/0/attributes/thickness/var",
    "value": 5,
    "file": "game:worldgen/deposits/metalore/pentlandite.json"
  },
  {
    "op": "replace",
    "path": "/0/triesPerChunk",
    "value": 0.005,
    "file": "game:worldgen/deposits/metalore/pentlandite.json"
  }
]