[
  {
    "op": "add",
    "path": "/0/enabled",
    "value": false,
    "file": "game:recipes/grid/bandage.json"
  },
  {
    "op": "add",
    "path": "/1/enabled",
    "value": false,
    "file": "game:recipes/grid/bandage.json"
  },
  {
    "op": "replace",
    "path": "/2/enabled",
    "value": false,
    "file": "game:recipes/grid/bandage.json"
  },
  {
    "op": "replace",
    "path": "/4/enabled",
    "value": false,
    "file": "game:recipes/grid/bandage.json"
  }
]