[
  {
    "op": "add",
    "path": "/ingredients/C/quantity",
    "value": 16,
    "file": "game:recipes/grid/blastingpowder.json"
  },
  {
    "op": "replace",
    "path": "/ingredients/S/quantity",
    "value": 32,
    "file": "game:recipes/grid/blastingpowder.json"
  },
  {
    "op": "replace",
    "path": "/ingredients/X/quantity",
    "value": 16,
    "file": "game:recipes/grid/blastingpowder.json"
  },
  {
    "op": "replace",
    "path": "/output/quantity",
    "value": 32,
    "file": "game:recipes/grid/blastingpowder.json"
  }
]