{
	"editor": {
		"allAngles": false,
		"entityTextureMode": false
	},
	"textureWidth": 16,
	"textureHeight": 16,
	"textureSizes": {
	},
	"textures": {
		"bark": "/Vintage Story/mod stuff/willow/fruittree/fruittree/coconut/bark",
		"treetrunk": "/Vintage Story/mod stuff/willow/fruittree/fruittree/coconut/treetrunk"
	},
	"elements": [
		{
			"name": "Cube1",
			"from": [ 3.0, 0.0, 3.0 ], 
			"to": [ 13.0, 16.0, 13.0 ], 
			"rotationOrigin": [ 3.0, 0.0, 3.0 ],
			"faces": {
				"north": { "texture": "#bark", "uv": [ 0.0, 0.0, 10.0, 16.0 ] },
				"east": { "texture": "#bark", "uv": [ 0.0, 0.0, 10.0, 16.0 ] },
				"south": { "texture": "#bark", "uv": [ 0.0, 0.0, 10.0, 16.0 ] },
				"west": { "texture": "#bark", "uv": [ 0.0, 0.0, 10.0, 16.0 ] },
				"up": { "texture": "#treetrunk", "uv": [ 0.0, 0.0, 10.0, 10.0 ] },
				"down": { "texture": "#treetrunk", "uv": [ 0.0, 0.0, 10.0, 10.0 ] }
			}
		}
	]}