{
	ingredientPattern: "RT,BS",
	ingredients: {
		"T": { type: "item", code: "prospectingpickhead-*", name: "metal", "allowedVariants": ["copper", "tinbronze", "bismuthbronze", "blackbronze", "silver", "gold", "iron", "meteoriciron", "steel"]   },
		"S": {type: "Item", code: "hammersringingfall:toolhaft-medium-finished" },
		"R": {type: "Item", code: "hammersringingfall:rivet-*", quantity:2},
		"B": { "type": "item", "code": "hammersringingfall:metalband-*"},
	},
	width: 2,
	height: 2,
	output: {type: "Item", code: "game:prospectingpick-*", name: "metal" }
}

