{
  "ingredientPattern": "SSS,YTY,OBO",
  "ingredients": {
    "T": { "type": "block", "code": "game:storagevessel-burned" },
    "S": { "type": "item", "code": "medieval:colorpowder-green", "quantity": 2 },
	"Y": { "type": "item", "code": "medieval:colorpowder-brown", "quantity": 2 },
	"O": { "type": "item", "code": "medieval:colorpowder-orange", "quantity": 2 },
	"B": { "type": "item", "code": "medieval:colorpowder-black", "quantity": 2 },
  },
  "width": 3,
  "height": 3,
  "output": { "type": "block", "code": "game:storagevessel-harvest" }
}
