[
	{
	ingredientPattern: "III,R_B",
	ingredients: {
		"I": { type: "item", code: "game:ingot-iron", quantity: 4 },
		"R": {type: "Item", code: "hammersringingfall:rivet-*, quantity: 32" },
		"B": {type: "Item", code: "hammersringingfall:metalband-*", quantity: 16 }
	},
	width: 3,
	height: 2,
	output: { type: "block", code: "game:ironfence-base-ew", quantity: 24  }

	},
	{
	ingredientPattern: "M,B",
	ingredients: {
		"M": { type: "item", code: "game:metalbit-iron", quantity: 4 },
		"B": { type: "block", code: "game:ironfence-base-ew" }
	},
	width: 1,
	height: 2,
	output: { type: "block", code: "game:ironfence-top-ew", quantity: 1  }

	}

]