[
  {
    "ingredientPattern": "H,I,S",
    "ingredients": {
      "H": {type: "Item", code: "game:spearhead-blackbronze" },
      "I": { "type": "item", "code": "game:ingot-gold" },
      "S": {type: "Item", code: "hammersringingfall:toolhaft-long-finished" }
    },
    "width": 1,
    "height": 3,
    "output": { "type": "item", "code": "game:spear-generic-ornategold" }
  },
  {
    "ingredientPattern": "H,I,S",
    "ingredients": {
      "H": {type: "Item", code: "game:spearhead-blackbronze" },
      "I": { "type": "item", "code": "game:ingot-silver" },
      "S": {type: "Item", code: "hammersringingfall:toolhaft-long-finished"}
    },
    "width": 1,
    "height": 3,
    "output": { "type": "item", "code": "game:spear-generic-ornatesilver" }
  }
]
