[
	{
		name: "Crude wood oar",
		ingredientPattern: "LR,LR",
		ingredients: {
			"L": { type: "block", code: "log-placed-*-ud", name: "wood" },
			"R": { type: "item", code: "rope" }
		},
		width: 2,
		height: 2,
		output: { type: "item", code: "oar-crude-{wood}"  }
	},
	{
		name: "Wood raft",
		ingredientPattern: "LRL,LRL,LRL",
		ingredients: {
			"L": { type: "block", code: "log-placed-*-ud", name: "wood", quantity: 3 },
			"R": { type: "item", code: "rope", quantity:4 }
		},
		width: 3,
		height: 3,
		output: { type: "item", code: "boat-raft-{wood}"  }
	},
	{
		name: "Bamboo raft",
		ingredientPattern: "LRL,LRL,LRL",
		ingredients: {
			"L": { type: "item", code: "bamboostakes", quantity: 5 },
			"R": { type: "item", code: "rope", quantity:4 }
		},
		width: 3,
		height: 3,
		output: { type: "item", code: "boat-raft-bamboo"  }
	}
]