[
	{
		ingredientPattern: "CK_,___,___",
		ingredients: {
			"C": { type: "item", code: "game:vegetable-carrot", quantity: 16 },
			"K": { type: "item", code: "knife-*", isTool: true }
		},
		shapeless: true,
		width: 3,
        	height: 3,
		output: { type: "item", code: "game:seeds-carrot", quantity: 20  }
	},
	{
		ingredientPattern: "CK_,___,___",
		ingredients: {
			"C": { type: "item", code: "game:vegetable-onion", quantity: 16 },
			"K": { type: "item", code: "knife-*", isTool: true }
		},
		shapeless: true,
		width: 3,
        	height: 3,
		output: { type: "item", code: "game:seeds-onion", quantity: 20  }
	},
	{
		ingredientPattern: "CK_,___,___",
		ingredients: {
			"C": { type: "item", code: "game:vegetable-turnip", quantity: 16 },
			"K": { type: "item", code: "knife-*", isTool: true }
		},
		shapeless: true,
		width: 3,
        	height: 3,
		output: { type: "item", code: "game:seeds-turnip", quantity: 20  }
	},
	{
		ingredientPattern: "CK_,___,___",
		ingredients: {
			"C": { type: "item", code: "game:vegetable-parsnip", quantity: 16 },
			"K": { type: "item", code: "knife-*", isTool: true }
		},
		shapeless: true,
		width: 3,
        	height: 3,
		output: { type: "item", code: "game:seeds-parsnip", quantity: 20  }
	},
	{
		ingredientPattern: "CK_,___,___",
		ingredients: {
			"C": { type: "item", code: "game:vegetable-bellpepper", quantity: 16 },
			"K": { type: "item", code: "knife-*", isTool: true }
		},
		shapeless: true,
		width: 3,
        	height: 3,
		output: { type: "item", code: "game:seeds-bellpepper", quantity: 20  }
	},
	{
		ingredientPattern: "CK_,___,___",
		ingredients: {
			"C": { type: "item", code: "game:vegetable-cabbage", quantity: 16 },
			"K": { type: "item", code: "knife-*", isTool: true }
		},
		shapeless: true,
		width: 3,
        	height: 3,
		output: { type: "item", code: "game:seeds-cabbage", quantity: 20  }
	},
	{
		ingredientPattern: "CK_,___,___",
		ingredients: {
			"C": { type: "item", code: "game:legume-soybean", quantity: 16 },
			"K": { type: "item", code: "knife-*", isTool: true }
		},
		shapeless: true,
		width: 3,
        	height: 3,
		output: { type: "item", code: "game:seeds-soybean", quantity: 20  }
	},
	{
		ingredientPattern: "CK_,___,___",
		ingredients: {
			"C": { type: "item", code: "game:grain-rye", quantity: 16 },
			"K": { type: "item", code: "knife-*", isTool: true }
		},
		shapeless: true,
		width: 3,
        	height: 3,
		output: { type: "item", code: "game:seeds-rye", quantity: 20 }
	},
	{
		ingredientPattern: "CK_,___,___",
		ingredients: {
			"C": { type: "item", code: "game:grain-rice", quantity: 16 },
			"K": { type: "item", code: "knife-*", isTool: true }
		},
		shapeless: true,
		width: 3,
        	height: 3,
		output: { type: "item", code: "game:seeds-rice", quantity: 20  }
	},
	{
		ingredientPattern: "CK_,___,___",
		ingredients: {
			"C": { type: "item", code: "game:grain-spelt", quantity: 16 },
			"K": { type: "item", code: "knife-*", isTool: true }
		},
		shapeless: true,
		width: 3,
        	height: 3,
		output: { type: "item", code: "game:seeds-spelt", quantity: 20  }
	},
	{
		ingredientPattern: "CK_,___,___",
		ingredients: {
			"C": { type: "item", code: "game:grain-flax", quantity: 16 },
			"K": { type: "item", code: "knife-*", isTool: true }
		},
		shapeless: true,
		width: 3,
        	height: 3,
		output: { type: "item", code: "game:seeds-flax", quantity: 20  }
	},
	{
		ingredientPattern: "CK_,___,___",
		ingredients: {
			"C": { type: "item", code: "game:grain-amaranth", quantity: 16 },
			"K": { type: "item", code: "knife-*", isTool: true }
		},
		shapeless: true,
		width: 3,
        	height: 3,
		output: { type: "item", code: "game:seeds-amaranth", quantity: 20  }
	},
	{
		ingredientPattern: "CK_,___,___",
		ingredients: {
			"C": { type: "item", code: "game:grain-sunflower", quantity: 16 },
			"K": { type: "item", code: "knife-*", isTool: true }
		},
		shapeless: true,
		width: 3,
        	height: 3,
		output: { type: "item", code: "game:seeds-sunflower", quantity: 20  }
	},
	{
		ingredientPattern: "CK_,___,___",
		ingredients: {
			"C": { type: "item", code: "game:fruit-pineapple", quantity: 16 },
			"K": { type: "item", code: "knife-*", isTool: true }
		},
		shapeless: true,
		width: 3,
        	height: 3,
		output: { type: "item", code: "game:seeds-pineapple", quantity: 20  }
	},
	{
		ingredientPattern: "CK_,___,___",
		ingredients: {
			"C": { type: "item", code: "game:legume-peanut", quantity: 16 },
			"K": { type: "item", code: "knife-*", isTool: true }
		},
		shapeless: true,
		width: 3,
        	height: 3,
		output: { type: "item", code: "game:seeds-peanut", quantity: 20  }
	},
	{
		ingredientPattern: "CK_,___,___",
		ingredients: {
			"C": { type: "item", code: "game:rawcassava-raw", quantity: 16 },
			"K": { type: "item", code: "knife-*", isTool: true }

		},
		shapeless: true,
		width: 3,
        	height: 3,
		output: { type: "item", code: "game:seeds-cassava", quantity: 20  }
	},
]






















