[
	{
		ingredientPattern: "LLL,TST,LLL",
		ingredients: {
			"L": { type: "item", code: "*", allowedVariants: ["papyrustops", "cattailtops" ], quantity: 8 },
			"T": { type: "item", code: "game:flaxtwine", quantity: 1 },
			"S": { type: "item", code: "game:basket"  }
		},
		width: 3,
		height: 3,
		output: { type: "item", code: "morebags:wickerpack"  }
	},
	{
		ingredientPattern: "LML,TST,LLL",
		ingredients: {
			"L": { type: "item", code: "*", allowedVariants: ["papyrustops", "cattailtops" ], quantity: 12 },
			"T": { type: "item", code: "game:flaxtwine", quantity: 1 },
			"S": { type: "item", code: "morebags:wickerpack"  },
			"M": {type: "Item", code: "game:metalbit-copper", quantity: 10 }
		},
		width: 3,
		height: 3,
		output: { type: "item", code: "morebags:wickerminingpack"  }
	},
	
	
	
	
	
	
	
	{
	ingredientPattern: "T	L",
	ingredients: {
		"T": { type: "item", code: "game:flaxtwine" },
		"L": { type: "block", code: "game:linen-*" }
	},
	width: 1,
	height: 2,
	output: { type: "item", code: "game:linensack"  }
	},
	{
	ingredientPattern: "TLT,PBP",
	ingredients: {
		"T": { type: "item", code: "flaxtwine" },
		"L": { type: "block", code: "linen-*" },
		"B": { type: "item", code: "linensack" },
		"P": { type: "item", code: "metalbit-*", allowedVariants: ["tinbronze", "bismuthbronze", "blackbronze"], quantity:10 }
	},
	width: 3,
	height: 2,
	name: "miningbag",
	output: { type: "item", code: "miningbag"  }
	},
	{
		ingredientPattern: "CCC,LPL,TFT",
		ingredients: {
			"C": { type: "item", code: "game:cloth-*", quantity: 3 },
			"L": { type: "item", code: "game:leather-*", quantity: 4 },
			"P": { type: "item", code: "morebags:packframe"},
			"T": { type: "item", code: "game:flaxtwine", quantity: 3 },
			"F": { type: "item", code: "miningbag", quantity: 1 }
		},
		width: 3,
		height: 3,
		output: { type: "item", code: "morebags:miningpack"  }
	},
	{
	ingredientPattern: "TST,LLL",
	ingredients: {
		"T": { type: "item", code: "game:flaxtwine", quantity: 2 },
		"L": { type: "block", code: "game:linen-*", quantity: 2 },
		"S": { type: "item", code: "game:linensack"  }
	},
	width: 3,
	height: 2,
	output: { type: "item", code: "medieval:big-sack"  }
	},
	{
	ingredientPattern: "TST,LLL,_G_",
	ingredients: {
		"G": { type: "Item", code: "game:metalplate-gold" },
		"T": { type: "Item", code: "game:sewingkit", quantity:3 },
		"L": { type: "block", code: "game:linen-*", quantity: 3 },
		"S": { type: "item", code: "medieval:big-sack"  }
	},
		width: 3,
		height: 3,
		output: { type: "item", code: "medieval:huge-sack"  }
	},
		{
		ingredientPattern: "LLL,TST,CFC",
		ingredients: {
			"C": { type: "block", code: "game:linen-*", quantity: 4 },
			"L": { type: "item", code: "game:cloth-brown", quantity: 2 },
			"T": { type: "Item", code: "game:sewingkit", quantity:4 },
			"S": { type: "item", code: "medieval:huge-sack"  },
			"F": { type: "item", code: "morebags:packframe", quantity: 1 }
		},
		width: 3,
		height: 3,
		output: { type: "item", code: "morebags:framepack"  }
	},
	
	
	
	
	
	
	{
	ingredientPattern: "LLL,TMT,LLL",
	ingredients: {
		"L": { type: "item", code: "game:leather-plain", quantity: 4 },
		"T": { type: "item", code: "game:sewingkit", quantity: 2 },
		"M": {type: "Item", code: "game:metalbit-copper", quantity: 10 }
	},
	width: 3,
	height: 3,
	name: "backpack",
	output: { type: "item", code: "medieval:medieval-belt-bag"  }
	},
		{
	ingredientPattern: "LBL,TPT,LML",
	ingredients: {
		"L": { type: "item", code: "game:leather-plain", quantity: 12 },
		"T": { type: "Item", code: "game:sewingkit", quantity:2 },
		"M": { type: "item", code: "morebags:packframe", quantity: 1 },
		"B": { type: "item", code: "game:backpack"  },
		"P": { type: "item", code: "game:metalplate-*", quantity: 1, allowedVariants: ["meteoriciron", "iron"] },
	},
		width: 3,
		height: 3,
		name: "backpack",
		output: { type: "item", code: "medieval:medievalbackpack"  }
	},
	{
		ingredientPattern: "LBL,TPT,LML",
	ingredients: {
		"L": { type: "item", code: "game:leather-plain", quantity: 16 },
		"T": { type: "Item", code: "game:sewingkit", quantity:2 },
		"M": { type: "item", code: "morebags:packframe", quantity: 1 },
		"B": { type: "item", code: "medieval:medievalbackpack"  },
		"P": { type: "item", code: "game:metalplate-steel"}
	},
		width: 3,
		height: 3,
		name: "backpack",
		output: { type: "item", code: "medieval:big-backpack"  }
	},
	
]