[
	{
		ingredientPattern: "F,H",
		ingredients: {
			"F": { type: "item", code: "game:fat", quantity: 1 },
			"H": { type: "item", code: "game:hide-raw-small", quantity: 1 },
		},
		shapeless: true,
		width: 1,
		height: 2,
		output: { type: "item", code: "game:hide-oiled-small", quantity: 1 }
	},
	{
		ingredientPattern: "F,H",
		ingredients: {
			"F": { type: "item", code: "game:fat", quantity: 1 },
			"H": { type: "item", code: "game:hide-raw-small", quantity: 2 },
		},
		shapeless: true,
		width: 1,
		height: 2,
		output: { type: "item", code: "game:hide-oiled-small", quantity: 2 }
	},
	{
		ingredientPattern: "F,H",
		ingredients: {
			"F": { type: "item", code: "game:fat", quantity: 1 },
			"H": { type: "item", code: "game:hide-raw-medium", quantity: 1 },
		},
		shapeless: true,
		width: 1,
		height: 2,
		output: { type: "item", code: "game:hide-oiled-medium", quantity: 1 }
	},
	{
		ingredientPattern: "F,H",
		ingredients: {
			"F": { type: "item", code: "game:fat", quantity: 2 },
			"H": { type: "item", code: "game:hide-raw-large", quantity: 1 },
		},
		shapeless: true,
		width: 1,
		height: 2,
		output: { type: "item", code: "game:hide-oiled-large", quantity: 1 }
	},
	{
		ingredientPattern: "F,H",
		ingredients: {
			"F": { type: "item", code: "game:fat", quantity: 4 },
			"H": { type: "item", code: "game:hide-raw-huge", quantity: 1 },
		},
		shapeless: true,
		width: 1,
		height: 2,
		output: { type: "item", code: "game:hide-oiled-huge" }
	},
	{
		ingredientPattern: "F,H",
		ingredients: {
			"F": { type: "item", code: "game:beeswax", quantity: 1 },
			"H": { type: "item", code: "game:hide-raw-small", quantity: 1 },
		},
		shapeless: true,
		width: 1,
		height: 2,
		output: { type: "item", code: "game:hide-oiled-small", quantity: 1 }
	},
	{
		ingredientPattern: "F,H",
		ingredients: {
			"F": { type: "item", code: "game:beeswax", quantity: 1 },
			"H": { type: "item", code: "game:hide-raw-small", quantity: 2 },
		},
		shapeless: true,
		width: 1,
		height: 2,
		output: { type: "item", code: "game:hide-oiled-small", quantity: 2 }
	},
	{
		ingredientPattern: "F,H",
		ingredients: {
			"F": { type: "item", code: "game:beeswax", quantity: 1 },
			"H": { type: "item", code: "game:hide-raw-medium", quantity: 1 },
		},
		shapeless: true,
		width: 1,
		height: 2,
		output: { type: "item", code: "game:hide-oiled-medium", quantity: 1 }
	},
	{
		ingredientPattern: "F,H",
		ingredients: {
			"F": { type: "item", code: "game:beeswax", quantity: 2 },
			"H": { type: "item", code: "game:hide-raw-large", quantity: 1 },
		},
		shapeless: true,
		width: 1,
		height: 2,
		output: { type: "item", code: "game:hide-oiled-large", quantity: 1 }
	},
	{
		ingredientPattern: "F,H",
		ingredients: {
			"F": { type: "item", code: "game:beeswax", quantity: 4 },
			"H": { type: "item", code: "game:hide-raw-huge", quantity: 1 },
		},
		shapeless: true,
		width: 1,
		height: 2,
		output: { type: "item", code: "game:hide-oiled-huge" }
	},
]