[
	{
		ingredientPattern: "CC,CC",
		requiresTrait: "Alchemist",
		ingredients: {
			"C": {type: "Block", code: "game:flower-*", quantity: 16}
					},
		width: 2,
		height: 2,
		output: {type: "Item", code: "canmarket:cangearpayment-copper", quantity: 4}
	},
	{
		ingredientPattern: "CC,CC",
		requiresTrait: "Alchemist",
		ingredients: {
			"C": {type: "Block", code: "game:mushroom-*", quantity: 16}
					},
		width: 2,
		height: 2,
		output: {type: "Item", code: "canmarket:cangearpayment-copper", quantity: 4}
	},
	{
		ingredientPattern: "CC,CC",
		requiresTrait: "Alchemist",
		ingredients: {
			"C": {type: "Item", code: "game:papyrustops", quantity: 16}
					},
		width: 2,
		height: 2,
		output: {type: "Item", code: "canmarket:cangearpayment-copper", quantity: 4}
	},
	{
		ingredientPattern: "CC,CC",
		requiresTrait: "Alchemist",
		ingredients: {
			"C": {type: "Item", code: "game:cattailtops", quantity: 16}
					},
		width: 2,
		height: 2,
		output: {type: "Item", code: "canmarket:cangearpayment-copper", quantity: 4}
	},
		{
		ingredientPattern: "CC,CC",
		requiresTrait: "Alchemist",
		ingredients: {
			"C": {type: "Item", code: "game:beeswax", quantity: 8}
					},
		width: 2,
		height: 2,
		output: {type: "Item", code: "canmarket:cangearpayment-copper", quantity: 4}
	},
		{
		ingredientPattern: "CC,CC",
		requiresTrait: "Alchemist",
		ingredients: {
			"C": {type: "Item", code: "hideandfabric:fibers-jute", quantity: 16}
					},
		width: 2,
		height: 2,
		output: {type: "Item", code: "canmarket:cangearpayment-copper", quantity: 4}
	},
		{
		ingredientPattern: "CC,CC",
		requiresTrait: "Alchemist",
		ingredients: {
			"C": {type: "Block", code: "alchemy:claypotionflask-fired", "returnedStack": { "type": "block", "code": "game:air" }},
			},				
			attributes: { 
				liquidContainerProps: { 
					requiresContent: { type: "item", code: "game:honeyportion"},
					requiresLitres: 1
				}
			},
		width: 2,
		height: 2,
		output: {type: "Item", code: "canmarket:cangearpayment-copper", quantity: 8}
	},
	
	
	
		{
		ingredientPattern: "CC,CC",
		requiresTrait: "Alchemist",
		ingredients: {
		"C": {"type": "Item", 
				"code": "alchemy:potionbase-*-weak", 
				"name": "potiontype", 
				"allowedVariants": ["archer", "healingeffect", "hungerenhance", "hungersupress", "hunter", "looter", "melee", "mining", "poison", "predator", "regen", "scentmask", "speed", "vitality"], 
				"quantity": 8}
					},
		width: 2,
		height: 2,
		output: {type: "Item", code: "canmarket:cangearpayment-copper", quantity: 16}
	},
		{
		ingredientPattern: "CC,CC",
		requiresTrait: "Alchemist",
		ingredients: {
			"C": {type: "Item", code: "alchemy:cuttings-catmint-raw", quantity: 16}
					},
		width: 2,
		height: 2,
		output: {type: "Item", code: "canmarket:cangearpayment-copper", quantity: 8}
	},
		{
		ingredientPattern: "CC,CC",
		requiresTrait: "Alchemist",
		ingredients: {
			"C": {type: "Block", code: "alchemy:claypotionflask-fired", "returnedStack": { "type": "block", "code": "game:air" }},
			},				
			attributes: { 
				liquidContainerProps: { 
					requiresContent: { type: "item", code: "game:ciderportion-mead"},
					requiresLitres: 1
				}
			},
		width: 2,
		height: 2,
		output: {type: "Item", code: "canmarket:cangearpayment-silver", quantity: 16}
	},
		{
		ingredientPattern: "CC,CC",
		requiresTrait: "Alchemist",
		ingredients: {
			"C": {type: "Item", code: "game:poultice-reed-horsetail", quantity:4}
					},
		width: 2,
		height: 2,
		output: {type: "Item", code: "canmarket:cangearpayment-copper", quantity: 8}
	},
		{
		ingredientPattern: "CC,CC",
		requiresTrait: "Alchemist",
		ingredients: {
			"C": {type: "Item", code: "game:poultice-reed-honey-sulfur", quantity: 4 }
					},
		width: 2,
		height: 2,
		output: {type: "Item", code: "canmarket:cangearpayment-copper", quantity: 24}
	},
		
		
		
		{
		ingredientPattern: "CCC, C_C",
		requiresTrait: "Alchemist",
		ingredients: {
			"C": {type: "Item", code: "game:inkandquill", quantity: 1}
					},
		width: 3,
		height: 2,
		output: {type: "Item", code: "canmarket:cangearpayment-silver", quantity: 5}
	},
		{
		ingredientPattern: "CC,CC",
		requiresTrait: "Alchemist",
		ingredients: {
			"C": {"type": "Item", 
				"code": "alchemy:potionbase-*-strong", 
				"name": "potiontype", 
				"allowedVariants": ["archer", "healingeffect", "hungerenhance", "hungersupress", "hunter", "looter", "melee", "mining", "poison", "predator", "regen", "scentmask", "speed", "vitality"], 
				"quantity": 8}
			},
		"width": 2,
		"height": 2,
		output: {type: "Item", code: "canmarket:cangearpayment-silver", quantity: 5}
	},
	{
		ingredientPattern: "CC,CC",
		requiresTrait: "Alchemist",
		ingredients: {
			"C": {type: "Item", code: "game:poultice-linen-horsetail", quantity: 4}
					},
		width: 2,
		height: 2,
		output: {type: "Item", code: "canmarket:cangearpayment-copper", quantity:32}
	},
	{
		ingredientPattern: "CC,CC",
		requiresTrait: "Alchemist",
		ingredients: {
			"C": {type: "Item", code: "game:poultice-linen-honey-sulfur", quantity: 4 }
					},
		width: 2,
		height: 2,
		output: {type: "Item", code: "canmarket:cangearpayment-silver", quantity: 5}
	},
	{
		ingredientPattern: "CC,CC",
		requiresTrait: "Alchemist",
		ingredients: {
			"C": {type: "Item", code: "hideandfabric:poultice-jute-horsetail", quantity: 4}
					},
		width: 2,
		height: 2,
		output: {type: "Item", code: "canmarket:cangearpayment-copper", quantity:32}
	},
	{
		ingredientPattern: "CC,CC",
		requiresTrait: "Alchemist",
		ingredients: {
			"C": {type: "Item", code: "hideandfabric:poultice-cotton-honey-sulfur", quantity: 4 }
					},
		width: 2,
		height: 2,
		output: {type: "Item", code: "canmarket:cangearpayment-silver", quantity: 5}
	},
	{
		ingredientPattern: "CC,CC",
		requiresTrait: "Alchemist",
		ingredients: {
			"C": {type: "Item", code: "hideandfabric:poultice-cotton-horsetail", quantity: 4}
					},
		width: 2,
		height: 2,
		output: {type: "Item", code: "canmarket:cangearpayment-copper", quantity:32}
	},
	{
		ingredientPattern: "CC,CC",
		requiresTrait: "Alchemist",
		ingredients: {
			"C": {type: "Item", code: "hideandfabric:poultice-wool-honey-sulfur", quantity: 4 }
					},
		width: 2,
		height: 2,
		output: {type: "Item", code: "canmarket:cangearpayment-silver", quantity: 5}
	},
	{
		ingredientPattern: "CC,CC",
		requiresTrait: "Alchemist",
		ingredients: {
			"C": {type: "Item", code: "hideandfabric:poultice-wool-horsetail", quantity: 4}
					},
		width: 2,
		height: 2,
		output: {type: "Item", code: "canmarket:cangearpayment-copper", quantity:32}
	},
	{
		ingredientPattern: "CC,CC",
		requiresTrait: "Alchemist",
		ingredients: {
			"C": {type: "Item", code: "hideandfabric:poultice-jute-honey-sulfur", quantity: 4 }
					},
		width: 2,
		height: 2,
		output: {type: "Item", code: "canmarket:cangearpayment-silver", quantity: 5}
	},
	{
		ingredientPattern: "CC,CC",
		requiresTrait: "Alchemist",
		ingredients: {
			"C": {type: "Block", code: "alchemy:potionflask-normal-quartz", "returnedStack": { "type": "block", "code": "game:air" }},
			},				
			attributes: { 
				liquidContainerProps: { 
					requiresContent: { type: "item", code: "alchemy:potionportion-archer-strong"},
					requiresLitres: 1
				}
			},
		width: 2,
		height: 2,
		output: {type: "Item", code: "canmarket:cangearpayment-silver", quantity: 6}
	},
	{
		ingredientPattern: "CC,CC",
		requiresTrait: "Alchemist",
		ingredients: {
			"C": {type: "Block", code: "alchemy:potionflask-normal-quartz", "returnedStack": { "type": "block", "code": "game:air" }},
			},				
			attributes: { 
				liquidContainerProps: { 
					requiresContent: { type: "item", code: "alchemy:potionportion-healingeffect-strong"},
					requiresLitres: 1
				}
			},
		width: 2,
		height: 2,
		output: {type: "Item", code: "canmarket:cangearpayment-silver", quantity: 6}
	},
	{
		ingredientPattern: "CC,CC",
		requiresTrait: "Alchemist",
		ingredients: {
			"C": {type: "Block", code: "alchemy:potionflask-normal-quartz", "returnedStack": { "type": "block", "code": "game:air" }},
			},				
			attributes: { 
				liquidContainerProps: { 
					requiresContent: { type: "item", code: "alchemy:potionportion-hungerenhance-strong"},
					requiresLitres: 1
				}
			},
		width: 2,
		height: 2,
		output: {type: "Item", code: "canmarket:cangearpayment-silver", quantity: 6}
	},
	{
		ingredientPattern: "CC,CC",
		requiresTrait: "Alchemist",
		ingredients: {
			"C": {type: "Block", code: "alchemy:potionflask-normal-quartz", "returnedStack": { "type": "block", "code": "game:air" }},
			},				
			attributes: { 
				liquidContainerProps: { 
					requiresContent: { type: "item", code: "alchemy:potionportion-hungersupress-strong"},
					requiresLitres: 1
				}
			},
		width: 2,
		height: 2,
		output: {type: "Item", code: "canmarket:cangearpayment-silver", quantity: 6}
	},
	{
		ingredientPattern: "CC,CC",
		requiresTrait: "Alchemist",
		ingredients: {
			"C": {type: "Block", code: "alchemy:potionflask-normal-quartz", "returnedStack": { "type": "block", "code": "game:air" }},
			},				
			attributes: { 
				liquidContainerProps: { 
					requiresContent: { type: "item", code: "alchemy:potionportion-hunter-strong"},
					requiresLitres: 1
				}
			},
		width: 2,
		height: 2,
		output: {type: "Item", code: "canmarket:cangearpayment-silver", quantity: 6}
	},
	{
		ingredientPattern: "CC,CC",
		requiresTrait: "Alchemist",
		ingredients: {
			"C": {type: "Block", code: "alchemy:potionflask-normal-quartz", "returnedStack": { "type": "block", "code": "game:air" }},
			},				
			attributes: { 
				liquidContainerProps: { 
					requiresContent: { type: "item", code: "alchemy:potionportion-looter-strong"},
					requiresLitres: 1
				}
			},
		width: 2,
		height: 2,
		output: {type: "Item", code: "canmarket:cangearpayment-silver", quantity: 6}
	},
	{
		ingredientPattern: "CC,CC",
		requiresTrait: "Alchemist",
		ingredients: {
			"C": {type: "Block", code: "alchemy:potionflask-normal-quartz", "returnedStack": { "type": "block", "code": "game:air" }},
			},				
			attributes: { 
				liquidContainerProps: { 
					requiresContent: { type: "item", code: "alchemy:potionportion-mining-strong"},
					requiresLitres: 1
				}
			},
		width: 2,
		height: 2,
		output: {type: "Item", code: "canmarket:cangearpayment-silver", quantity: 6}
	},
	{
		ingredientPattern: "CC,CC",
		requiresTrait: "Alchemist",
		ingredients: {
			"C": {type: "Block", code: "alchemy:potionflask-normal-quartz", "returnedStack": { "type": "block", "code": "game:air" }},
			},				
			attributes: { 
				liquidContainerProps: { 
					requiresContent: { type: "item", code: "alchemy:potionportion-melee-strong"},
					requiresLitres: 1
				}
			},
		width: 2,
		height: 2,
		output: {type: "Item", code: "canmarket:cangearpayment-silver", quantity: 6}
	},
	{
		ingredientPattern: "CC,CC",
		requiresTrait: "Alchemist",
		ingredients: {
			"C": {type: "Block", code: "alchemy:potionflask-normal-quartz", "returnedStack": { "type": "block", "code": "game:air" }},
			},				
			attributes: { 
				liquidContainerProps: { 
					requiresContent: { type: "item", code: "alchemy:potionportion-poison-strong"},
					requiresLitres: 1
				}
			},
		width: 2,
		height: 2,
		output: {type: "Item", code: "canmarket:cangearpayment-silver", quantity: 6}
	},
	{
		ingredientPattern: "CC,CC",
		requiresTrait: "Alchemist",
		ingredients: {
			"C": {type: "Block", code: "alchemy:potionflask-normal-quartz", "returnedStack": { "type": "block", "code": "game:air" }},
			},				
			attributes: { 
				liquidContainerProps: { 
					requiresContent: { type: "item", code: "alchemy:potionportion-predator-strong"},
					requiresLitres: 1
				}
			},
		width: 2,
		height: 2,
		output: {type: "Item", code: "canmarket:cangearpayment-silver", quantity: 6}
	},
	{
		ingredientPattern: "CC,CC",
		requiresTrait: "Alchemist",
		ingredients: {
			"C": {type: "Block", code: "alchemy:potionflask-normal-quartz", "returnedStack": { "type": "block", "code": "game:air" }},
			},				
			attributes: { 
				liquidContainerProps: { 
					requiresContent: { type: "item", code: "alchemy:potionportion-regen-strong"},
					requiresLitres: 1
				}
			},
		width: 2,
		height: 2,
		output: {type: "Item", code: "canmarket:cangearpayment-silver", quantity: 6}
	},
	{
		ingredientPattern: "CC,CC",
		requiresTrait: "Alchemist",
		ingredients: {
			"C": {type: "Block", code: "alchemy:potionflask-normal-quartz", "returnedStack": { "type": "block", "code": "game:air" }},
			},				
			attributes: { 
				liquidContainerProps: { 
					requiresContent: { type: "item", code: "alchemy:potionportion-scentmask-strong"},
					requiresLitres: 1
				}
			},
		width: 2,
		height: 2,
		output: {type: "Item", code: "canmarket:cangearpayment-silver", quantity: 6}
	},
	{
		ingredientPattern: "CC,CC",
		requiresTrait: "Alchemist",
		ingredients: {
			"C": {type: "Block", code: "alchemy:potionflask-normal-quartz", "returnedStack": { "type": "block", "code": "game:air" }},
			},				
			attributes: { 
				liquidContainerProps: { 
					requiresContent: { type: "item", code: "alchemy:potionportion-speed-strong"},
					requiresLitres: 1
				}
			},
		width: 2,
		height: 2,
		output: {type: "Item", code: "canmarket:cangearpayment-silver", quantity: 6}
	},
	{
		ingredientPattern: "CC,CC",
		requiresTrait: "Alchemist",
		ingredients: {
			"C": {type: "Block", code: "alchemy:potionflask-normal-quartz", "returnedStack": { "type": "block", "code": "game:air" }},
			},				
			attributes: { 
				liquidContainerProps: { 
					requiresContent: { type: "item", code: "alchemy:potionportion-vitality-strong"},
					requiresLitres: 1
				}
			},
		width: 2,
		height: 2,
		output: {type: "Item", code: "canmarket:cangearpayment-silver", quantity: 6}
	},
]