[
	{
		ingredientPattern: "CC,CC",
		requiresTrait: "Clothier",
		ingredients: {
			"C": {type: "Block", code: "game:linen-*", quantity: 1}
					},
		width: 2,
		height: 2,
		output: {type: "Item", code: "canmarket:cangearpayment-copper", quantity: 20}
	},
	{
		ingredientPattern: "CC,CC",
		requiresTrait: "Clothier",
		ingredients: {
			"C": {type: "Block", code: "hideandfabric:fabric-cotton-*", quantity: 1}
					},
		width: 2,
		height: 2,
		output: {type: "Item", code: "canmarket:cangearpayment-copper", quantity: 20}
	},
	{
		ingredientPattern: "CC,CC",
		requiresTrait: "Clothier",
		ingredients: {
			"C": {type: "Block", code: "hideandfabric:fabric-jute-normal-down", quantity: 1}
					},
		width: 2,
		height: 2,
		output: {type: "Item", code: "canmarket:cangearpayment-copper", quantity: 20}
	},
	{
		ingredientPattern: "CC,CC",
		requiresTrait: "Clothier",
		ingredients: {
			"C": {type: "Block", code: "hideandfabric:fabric-wool-*", quantity: 1}
					},
		width: 2,
		height: 2,
		output: {type: "Item", code: "canmarket:cangearpayment-copper", quantity: 20}
	},
	{
		ingredientPattern: "CC,CC",
		requiresTrait: "Clothier",
		ingredients: {
			"C": {type: "Item", code: "game:flaxtwine", quantity: 1}
					},
		width: 2,
		height: 2,
		output: {type: "Item", code: "canmarket:cangearpayment-copper", quantity: 4}
	},
	{
		ingredientPattern: "CC,CC",
		requiresTrait: "Clothier",
		ingredients: {
			"C": {type: "Item", code: "hideandfabric:twine-*", quantity: 1}
					},
		width: 2,
		height: 2,
		output: {type: "Item", code: "canmarket:cangearpayment-copper", quantity: 4}
	},
		{
		ingredientPattern: "CC,CC",
		requiresTrait: "Clothier",
		ingredients: {
			"C": {type: "Item", code: "medieval:colorpowder-blue", quantity: 10}
					},
		width: 2,
		height: 2,
		output: {type: "Item", code: "canmarket:cangearpayment-silver", quantity: 2}
	},
		{
		ingredientPattern: "CC,CC",
		requiresTrait: "Clothier",
		ingredients: {
			"C": {type: "Item", code: "hideandfabric:cloth-wool-mordant", quantity: 4}
					},
		width: 2,
		height: 2,
		output: {type: "Item", code: "canmarket:cangearpayment-copper", quantity: 84}
	},
	{
		ingredientPattern: "CC,CC",
		requiresTrait: "Clothier",
		ingredients: {
			"C": {type: "Item", code: "hideandfabric:cloth-cotton-mordant", quantity: 4}
					},
		width: 2,
		height: 2,
		output: {type: "Item", code: "canmarket:cangearpayment-copper", quantity: 84}
	},
		{
		ingredientPattern: "CC,CC",
		requiresTrait: "Clothier",
		ingredients: {
			"C": {type: "Item", code: "game:cloth-mordant", quantity: 4 }
			},
		width: 2,
		height: 2,
		output: {type: "Item", code: "canmarket:cangearpayment-copper", quantity: 84}
	},
	
		{
		ingredientPattern: "CC,CC",
		requiresTrait: "Clothier",
		ingredients: {
			"C": {type: "Item", code: "game:sewingkit", quantity: 1}
					},
		width: 2,
		height: 2,
		output: {type: "Item", code: "canmarket:cangearpayment-copper", quantity: 24}
	},
	{
		ingredientPattern: "CC,CC",
		requiresTrait: "Clothier",
		ingredients: {
			"C": {type: "Item", code: "game:linensack", quantity:1}
					},
		width: 2,
		height: 2,
		output: {type: "Item", code: "canmarket:cangearpayment-copper", quantity: 32}
	},
	{
		ingredientPattern: "CC,CC",
		requiresTrait: "Clothier",
		ingredients: {
			"C": {type: "Item", code: "hideandfabric:sack-*", quantity:1}
					},
		width: 2,
		height: 2,
		output: {type: "Item", code: "canmarket:cangearpayment-copper", quantity: 32}
	},
		{
		ingredientPattern: "CC,CC",
		requiresTrait: "Clothier",
		ingredients: {
			"C": {type: "Item", code: "game:sail", quantity: 4 }
					},
		width: 2,
		height: 2,
		output: {type: "Item", code: "canmarket:cangearpayment-gold", quantity: 2}
	},		
	{
		ingredientPattern: "CC,CC",
		requiresTrait: "Clothier",
		ingredients: {
			"C": {type: "Item", code: "game:cloth-*", "name": "color", "allowedVariants": ["red", "green", "blue", "purple", "yellow", "brown", "pink","orange","gray","black","white"], quantity: 2 }
					},
		width: 2,
		height: 2,
		output: {type: "Item", code: "canmarket:cangearpayment-silver", quantity: 6}
	},
	{
		ingredientPattern: "CC,CC",
		requiresTrait: "Clothier",
		ingredients: {
			"C": {type: "Item", code: "hideandfabric:cloth-cotton-*",  "name": "color", "allowedVariants": ["red", "green", "blue", "purple", "yellow", "brown", "pink","orange","gray","black","white"], quantity: 2 }
					},
		width: 2,
		height: 2,
		output: {type: "Item", code: "canmarket:cangearpayment-silver", quantity: 6}
	},
	{
		ingredientPattern: "CC,CC",
		requiresTrait: "Clothier",
		ingredients: {
			"C": {type: "Item", code: "hideandfabric:cloth-wool-*",  "name": "color", "allowedVariants": ["red", "green", "blue", "purple", "yellow", "brown", "pink","orange","gray","black","white"], quantity: 2 }
					},
		width: 2,
		height: 2,
		output: {type: "Item", code: "canmarket:cangearpayment-silver", quantity: 6}
	},
		{
		ingredientPattern: "ABC",
		requiresTrait: "Clothier",
		ingredients: {
			"A": {type: "Item", code: "game:armor-head-sewn-linen" },
			"B": {type: "Item", code: "game:armor-body-sewn-linen" },
			"C": {type: "Item", code: "game:armor-legs-sewn-linen" }
					},
		width: 3,
		height: 1,
		output: {type: "Item", code: "canmarket:cangearpayment-silver", quantity:12}
	},
	{
		ingredientPattern: "AB",
		requiresTrait: "Clothier",
		ingredients: {
			"A": {type: "Item", code: "game:armor-body-jerkin-leather" },
			"B": {type: "Item", code: "game:armor-legs-jerkin-leather" },
					},
		width: 2,
		height: 1,
		output: {type: "Item", code: "canmarket:cangearpayment-silver", quantity:5}
	},
	{
		ingredientPattern: "ABC",
		requiresTrait: "Clothier",
		ingredients: {
			"A": {type: "Item", code: "hideandfabric:cottonarmor-head-tailored-*", "name": "color", "allowedVariants": ["red", "green", "blue", "purple", "yellow", "brown", "pink","orange","gray","black","white"] },
			"B": {type: "Item", code: "hideandfabric:cottonarmor-body-tailored-*", "name": "color", "allowedVariants": ["red", "green", "blue", "purple", "yellow", "brown", "pink","orange","gray","black","white"] },
			"C": {type: "Item", code: "hideandfabric:cottonarmor-legs-tailored-*", "name": "color", "allowedVariants": ["red", "green", "blue", "purple", "yellow", "brown", "pink","orange","gray","black","white"] }
					},
		width: 3,
		height: 1,
		output: {type: "Item", code: "canmarket:cangearpayment-silver", quantity:15}
	},
	{
		ingredientPattern: "ABC",
		requiresTrait: "Clothier",
		ingredients: {
			"A": {type: "Item", code: "game:armor-head-tailored-*-linen", "name": "color", "allowedVariants": ["red", "green", "blue", "purple", "yellow", "brown", "pink","orange","gray","black","white"] },
			"B": {type: "Item", code: "game:armor-body-tailored-*-linen", "name": "color", "allowedVariants": ["red", "green", "blue", "purple", "yellow", "brown", "pink","orange","gray","black","white"] },
			"C": {type: "Item", code: "game:armor-legs-tailored-*-linen", "name": "color", "allowedVariants": ["red", "green", "blue", "purple", "yellow", "brown", "pink","orange","gray","black","white"] }
					},
		width: 3,
		height: 1,
		output: {type: "Item", code: "canmarket:cangearpayment-silver", quantity:15}
	},
	{
		ingredientPattern: "ABC",
		requiresTrait: "Clothier",
		ingredients: {
			"A": {type: "Item", code: "hideandfabric:woolarmor-head-tailored-*", "name": "color", "allowedVariants": ["red", "green", "blue", "purple", "yellow", "brown", "pink","orange","gray","black","white"] },
			"B": {type: "Item", code: "hideandfabric:woolarmor-body-tailored-*", "name": "color", "allowedVariants": ["red", "green", "blue", "purple", "yellow", "brown", "pink","orange","gray","black","white"] },
			"C": {type: "Item", code: "hideandfabric:woolarmor-legs-tailored-*", "name": "color", "allowedVariants": ["red", "green", "blue", "purple", "yellow", "brown", "pink","orange","gray","black","white"] }
					},
		width: 3,
		height: 1,
		output: {type: "Item", code: "canmarket:cangearpayment-silver", quantity:15}
	},
	
]