[
	{
		ingredientPattern: "C",
		requiresTrait: "Explorer",
		ingredients: {
			"C": { type: "block", code: "game:lootvessel-food", quantity: 1}
					},
		width: 1,
		height: 1,
		output: { type: "item", code: "canmarket:cangearpayment-copper", quantity: 15 }
	},
	{
		ingredientPattern: "C",
		requiresTrait: "Explorer",
		ingredients: {
			"C": { type: "block", code: "game:lootvessel-forage", quantity: 1}
					},
		width: 1,
		height: 1,
		output: { type: "item", code: "canmarket:cangearpayment-copper", quantity: 10 }
	},
	{
		ingredientPattern: "C",
		requiresTrait: "Explorer",
		ingredients: {
			"C": { type: "block", code: "game:lootvessel-ore", quantity: 1}
					},
		width: 1,
		height: 1,
		output: { type: "item", code: "canmarket:cangearpayment-copper", quantity: 15 }
	},
	{
		ingredientPattern: "C",
		requiresTrait: "Explorer",
		ingredients: {
			"C": { type: "block", code: "game:lootvessel-tool", quantity: 1}
					},
		width: 1,
		height: 1,
		output: { type: "item", code: "canmarket:cangearpayment-copper", quantity: 25}
	},
	{
		ingredientPattern: "C",
		requiresTrait: "Explorer",
		ingredients: {
			"C": { type: "block", code: "game:lootvessel-farming", quantity: 1}
					},
		width: 1,
		height: 1,
		output: { type: "item", code: "canmarket:cangearpayment-copper", quantity: 15 }
	},
	{
		ingredientPattern: "C",
		requiresTrait: "Explorer",
		ingredients: {
			"C": { type: "block", code: "game:lootvessel-arcticsupplies", quantity: 1}
					},
		width: 1,
		height: 1,
		output: { type: "item", code: "canmarket:cangearpayment-copper", quantity: 25 }
	},
	{
		ingredientPattern: "C",
		requiresTrait: "Explorer",
		ingredients: {
			"C": { type: "block", code: "game:lootvessel-seed", quantity: 1}
					},
		width: 1,
		height: 1,
		output: { type: "item", code: "canmarket:cangearpayment-copper", quantity: 10 }
	},
	{
		ingredientPattern: "C",
		requiresTrait: "Explorer",
		ingredients: {
			"C": { "type": "block", "code": "game:chest-east", "attributes": { "type": "owl" } }
					},
		width: 1,
		height: 1,
		output: { type: "item", code: "canmarket:cangearpayment-silver", quantity: 2 }
	},
	{
		ingredientPattern: "C",
		requiresTrait: "Explorer",
		ingredients: {
			"C": { "type": "block", "code": "game:chest-east", "attributes": { "type": "golden" } }
					},
		width: 1,
		height: 1,
		output: { type: "item", code: "canmarket:cangearpayment-silver", quantity: 2 }
	},
]