[
	{
		ingredientPattern: "CC,CC",
		requiresTrait: "Hunter",
		ingredients: {
			"C": {type: "Item", code: "game:hide-raw-small", quantity: 2 }
					},
		width: 2,
		height: 2,
		output: {type: "Item", code: "canmarket:cangearpayment-copper", quantity: 4}
	},
	{
		ingredientPattern: "CC,CC",
		requiresTrait: "Hunter",
		ingredients: {
			"C": {type: "Item", code: "game:hide-raw-medium", quantity: 2 }
					},
		width: 2,
		height: 2,
		output: {type: "Item", code: "canmarket:cangearpayment-copper", quantity: 8}
	},
	{
		ingredientPattern: "CC,CC",
		requiresTrait: "Hunter",
		ingredients: {
			"C": {type: "Item", code: "game:hide-raw-large", quantity: 2 }
					},
		width: 2,
		height: 2,
		output: {type: "Item", code: "canmarket:cangearpayment-copper", quantity: 12}
	},
	{
		ingredientPattern: "CC,CC",
		requiresTrait: "Hunter",
		ingredients: {
			"C": {type: "Item", code: "game:hide-raw-huge", quantity: 2 }
					},
		width: 2,
		height: 2,
		output: {type: "Item", code: "canmarket:cangearpayment-silver", quantity: 2}
	},
	{
		ingredientPattern: "CC,CC",
		requiresTrait: "Hunter",
		ingredients: {
			"C": {type: "Item", code: "game:bushmeat-raw", quantity: 32 }
					},
		width: 2,
		height: 2,
		output: {type: "Item", code: "canmarket:cangearpayment-copper", quantity: 4}
	},
	{
		ingredientPattern: "CC,CC",
		requiresTrait: "Hunter",
		ingredients: {
			"C": {type: "Item", code: "game:redmeat-raw", quantity:32 }
					},
		width: 2,
		height: 2,
		output: {type: "Item", code: "canmarket:cangearpayment-copper", quantity: 4}
	},
	{
		ingredientPattern: "CC,CC",
		requiresTrait: "Hunter",
		ingredients: {
			"C": {type: "Item", code: "game:redmeat-cured", quantity: 24 }
					},
		width: 2,
		height: 2,
		output: {type: "Item", code: "canmarket:cangearpayment-copper", quantity: 6}
	},
	{
		ingredientPattern: "CC,CC",
		requiresTrait: "Hunter",
		ingredients: {
			"C": {type: "Item", code: "game:bushmeat-cured", quantity: 24 }
					},
		width: 2,
		height: 2,
		output: {type: "Item", code: "canmarket:cangearpayment-copper", quantity: 6}
	},
	{
		ingredientPattern: "CC,CC",
		requiresTrait: "Hunter",
		ingredients: {
			"C": {type: "Item", code: "game:fat", quantity: 4 }
					},
		width: 2,
		height: 2,
		output: {type: "Item", code: "canmarket:cangearpayment-copper", quantity: 8}
	},
	{
		ingredientPattern: "CC,CC",
		requiresTrait: "Hunter",
		ingredients: {
			"C": {type: "Item", code: "game:bone", quantity: 16}
					},
		width: 2,
		height: 2,
		output: {type: "Item", code: "canmarket:cangearpayment-copper", quantity: 8}
	},
	{
		ingredientPattern: "CC,CC",
		requiresTrait: "Hunter",
		ingredients: {
			"C": {type: "Item", code: "game:feather", quantity: 16 }
					},
		width: 2,
		height: 2,
		output: {type: "Item", code: "canmarket:cangearpayment-copper", quantity: 4}
	},
	{
		ingredientPattern: "CC,CC",
		requiresTrait: "Hunter",
		ingredients: {
			"C": {type: "Item", code: "game:hide-pelt-small", quantity: 2 }
					},
		width: 2,
		height: 2,
		output: {type: "Item", code: "canmarket:cangearpayment-copper", quantity: 12}
	},
	{
		ingredientPattern: "CC,CC",
		requiresTrait: "Hunter",
		ingredients: {
			"C": {type: "Item", code: "game:hide-pelt-medium", quantity: 2 }
					},
		width: 2,
		height: 2,
		output: {type: "Item", code: "canmarket:cangearpayment-copper", quantity: 24}
	},
	{
		ingredientPattern: "CC,CC",
		requiresTrait: "Hunter",
		ingredients: {
			"C": {type: "Item", code: "game:hide-pelt-large", quantity: 2 }
					},
		width: 2,
		height: 2,
		output: {type: "Item", code: "canmarket:cangearpayment-copper", quantity: 36}
	},
	{
		ingredientPattern: "CC,CC",
		requiresTrait: "Hunter",
		ingredients: {
			"C": {type: "Item", code: "game:hide-pelt-huge", quantity: 2 }
					},
		width: 2,
		height: 2,
		output: {type: "Item", code: "canmarket:cangearpayment-silver", quantity: 6}
	},
	{
		ingredientPattern: "CC,CC",
		requiresTrait: "Hunter",
		ingredients: {
			"C": {type: "Item", code: "game:leather-plain", quantity: 8 }
					},
		width: 2,
		height: 2,
		output: {type: "Item", code: "canmarket:cangearpayment-copper", quantity: 64}
	},
	{
		ingredientPattern: "_C_",
		requiresTrait: "Hunter",
		ingredients: {
			"C": {type: "Block", code: "lichen:hidepillow-light" }
					},
		width: 3,
		height: 1,
		output: {type: "Item", code: "canmarket:cangearpayment-copper", quantity: 10}
	},
	{
		ingredientPattern: "_C_",
		requiresTrait: "Hunter",
		ingredients: {
			"C": {type: "Item", code: "game:boat-raft-*" }
					},
		width: 3,
		height: 1,
		output: {type: "Item", code: "canmarket:cangearpayment-copper", quantity: 10}
	},
	{
		ingredientPattern: "CC,CC",
		requiresTrait: "Hunter",
		ingredients: {
			"C": {type: "Item", code: "game:rope", quantity: 4}
					},
		width: 2,
		height: 2,
		output: {type: "Item", code: "canmarket:cangearpayment-copper", quantity: 8}
	},
	{
		ingredientPattern: "CC,CC",
		requiresTrait: "Hunter",
		ingredients: {
			"C": {type: "Item", code: "game:bow-recurve" }
					},
		width: 2,
		height: 2,
		output: {type: "Item", code: "canmarket:cangearpayment-copper", quantity: 80}
	},
	{
		ingredientPattern: "CC,CC",
		requiresTrait: "Hunter",
		ingredients: {
			"C": {type: "Block", code: "lichen:hidewall-light-ew-free", quantity: 4 }
					},
		width: 2,
		height: 2,
		output: {type: "Item", code: "canmarket:cangearpayment-copper", quantity: 8}
	},
	{
		ingredientPattern: "CAB",
		requiresTrait: "Hunter",
		ingredients: {
			"C": {type: "Item", code: "game:clothes-upperbodyover-fur-coat" },
			"A": {type: "Item", code: "game:clothes-foot-knee-high-fur-boots"},
			"B": {type: "Item", code: "game:clothes-hand-fur-gloves" }
					},
		width: 3,
		height: 1,
		output: {type: "Item", code: "canmarket:cangearpayment-copper", quantity: 75}
	},
	{
		ingredientPattern: "CAB",
		requiresTrait: "Hunter",
		ingredients: {
			"C": {type: "Item", code: "hideandfabric:hidearmor-headbasic-wolfhide" },
			"A": {type: "Item", code: "hideandfabric:hidearmor-body-wolfhide" },
			"B": {type: "Item", code: "hideandfabric:hidearmor-legs-wolfhide" }
					},
		width: 3,
		height: 1,
		output: {type: "Item", code: "canmarket:cangearpayment-copper", quantity: 80}
	},
	{
		ingredientPattern: "CAB",
		requiresTrait: "Hunter",
		ingredients: {
			"C": {type: "Item", code: "hideandfabric:hidearmor-headbasic-bearhide" },
			"A": {type: "Item", code: "hideandfabric:hidearmor-body-bearhide" },
			"B": {type: "Item", code: "hideandfabric:hidearmor-legs-bearhide" }
					},
		width: 3,
		height: 1,
		output: {type: "Item", code: "canmarket:cangearpayment-copper", quantity: 100}
	},
	
	
	
]