[
	{
		ingredientPattern: "CC,CC",
		requiresTrait: "Smith",
		ingredients: {
			"C": {type: "Item", code: "hammersringingfall:metalband-copper", quantity:4 }
					},
		width: 2,
		height: 2,
		output: {type: "Item", code: "canmarket:cangearpayment-copper", quantity: 20}
	},
	{
		ingredientPattern: "CC,CC",
		requiresTrait: "Smith",
		ingredients: {
			"C": {type: "Item", code: "hammersringingfall:nail-copper", quantity: 18 }
					},
		width: 2,
		height: 2,
		output: {type: "Item", code: "canmarket:cangearpayment-copper", quantity: 10}
	},
	{
		ingredientPattern: "CC,CC",
		requiresTrait: "Smith",
		ingredients: {
			"C": {type: "Item", code: "hammersringingfall:rivet-copper", quantity: 10 }
					},
		width: 2,
		height: 2,
		output: {type: "Item", code: "canmarket:cangearpayment-copper", quantity: 10}
	},
	{
		ingredientPattern: "CC,CC",
		requiresTrait: "Smith",
		ingredients: {
			"C": {type: "Item", code: "hammersringingfall:hinge-copper", quantity: 10 }
					},
		width: 2,
		height: 2,
		output: {type: "Item", code: "canmarket:cangearpayment-copper", quantity: 70}
	},
	{
		ingredientPattern: "CC,CC",
		requiresTrait: "Smith",
		ingredients: {
			"C": {type: "Item", code: "game:ingot-copper", quantity: 2 }
					},
		width: 2,
		height: 2,
		output: {type: "Item", code: "canmarket:cangearpayment-copper", quantity: 28}
	},
	{
		ingredientPattern: "CC,CC",
		requiresTrait: "Smith",
		ingredients: {
			"C": {type: "Item", code: "game:ingot-tinbronze", quantity: 2 }
					},
		width: 2,
		height: 2,
		output: {type: "Item", code: "canmarket:cangearpayment-copper", quantity: 48}
	},
	{
		ingredientPattern: "CC,CC",
		requiresTrait: "Smith",
		ingredients: {
			"C": {type: "Item", code: "game:ingot-bismuthbronze", quantity: 2 }
					},
		width: 2,
		height: 2,
		output: {type: "Item", code: "canmarket:cangearpayment-copper", quantity: 64}
	},
	{
		ingredientPattern: "CC,CC",
		requiresTrait: "Smith",
		ingredients: {
			"C": {type: "Item", code: "game:ingot-blackbronze", quantity: 2 }
					},
		width: 2,
		height: 2,
		output: {type: "Item", code: "canmarket:cangearpayment-copper", quantity: 96}
	},
	{
		ingredientPattern: "CC,CC",
		requiresTrait: "Smith",
		ingredients: {
			"C": {type: "Item", code: "game:ingot-gold", quantity: 2 }
					},
		width: 2,
		height: 2,
		output: {type: "Item", code: "canmarket:cangearpayment-copper", quantity: 96}
	},
	{
		ingredientPattern: "CC,CC",
		requiresTrait: "Smith",
		ingredients: {
			"C": {type: "Item", code: "game:ingot-silver", quantity: 2 }
					},
		width: 2,
		height: 2,
		output: {type: "Item", code: "canmarket:cangearpayment-copper", quantity: 96}
	},
	{
		ingredientPattern: "C",
		requiresTrait: "Smith",
		ingredients: {
			"C": {type: "Item", code: "game:clothes-neck-golden-necklace", quantity: 1}
					},
		width: 1,
		height: 1,
		output: { type: "item", code: "canmarket:cangearpayment-copper", quantity: 20}
	},
	    {
		ingredientPattern: "C",
		requiresTrait: "Smith",
		ingredients: {
			"C": {type: "Item", code: "game:clothes-head-silver-diadem", quantity: 1}
					},
		width: 1,
		height: 1,
		output: { type: "item", code: "canmarket:cangearpayment-copper", quantity: 20}
	},	
    {
		ingredientPattern: "C",
		requiresTrait: "Smith",
		ingredients: {
			"C": {type: "Item", code: "game:clothes-emblem-brass-ruby-brooch" , quantity: 1}
					},
		width: 1,
		height: 1,
		output: { type: "item", code: "canmarket:cangearpayment-copper", quantity: 20}
	},
	    {
		ingredientPattern: "C",
		requiresTrait: "Smith",
		ingredients: {
			"C": {type: "Item", code: "game:clothes-emblem-silver-pin" , quantity: 1}
					},
		width: 1,
		height: 1,
		output: { type: "item", code: "canmarket:cangearpayment-copper", quantity: 20}
	},
	    {
		ingredientPattern: "C",
		requiresTrait: "Smith",
		ingredients: {
			"C": {type: "Item", code: "game:clothes-emblem-silver-star", quantity: 1}
					},
		width: 1,
		height: 1,
		output: { type: "item", code: "canmarket:cangearpayment-copper", quantity: 20}
	},
	    {
		ingredientPattern: "C",
		requiresTrait: "Smith",
		ingredients: {
			"C": {type: "Item", code: "game:clothes-arm-bronze-armlet" , quantity: 1}
					},
		width: 1,
		height: 1,
		output: { type: "item", code: "canmarket:cangearpayment-copper", quantity: 20}
	},
	    {
		ingredientPattern: "C",
		requiresTrait: "Smith",
		ingredients: {
			"C": {type: "Item", code: "game:clothes-arm-bronze-bracelet" , quantity: 1}
					},
		width: 1,
		height: 1,
		output: { type: "item", code: "canmarket:cangearpayment-copper", quantity: 20}
	},
	    {
		ingredientPattern: "C",
		requiresTrait: "Smith",
		ingredients: {
			"C": {type: "Item", code: "game:clothes-arm-copper-bracelet" , quantity: 1}
					},
		width: 1,
		height: 1,
		output: { type: "item", code: "canmarket:cangearpayment-copper", quantity: 20}
	},
    {
		ingredientPattern: "C",
		requiresTrait: "Smith",
		ingredients: {
			"C": {type: "Item", code: "game:clothes-neck-copper-torc", quantity: 1}
					},
		width: 1,
		height: 1,
		output: { type: "item", code: "canmarket:cangearpayment-copper", quantity: 20}
	},
	    {
		ingredientPattern: "C",
		requiresTrait: "Smith",
		ingredients: {
			"C": {type: "Item", code: "game:clothes-neck-bronze-gem-necklace" , quantity: 1}
					},
		width: 1,
		height: 1,
		output: { type: "item", code: "canmarket:cangearpayment-copper", quantity: 20}
	},
	    {
		ingredientPattern: "C",
		requiresTrait: "Smith",
		ingredients: {
			"C": {type: "Item", code: "game:clothes-neck-fancy-royal-collar", quantity: 1}
					},
		width: 1,
		height: 1,
		output: { type: "item", code: "canmarket:cangearpayment-copper", quantity: 20}
	},
	    {
		ingredientPattern: "C",
		requiresTrait: "Smith",
		ingredients: {
			"C": {type: "Item", code: "game:clothes-neck-merchant-amulet" , quantity: 1}
					},
		width: 1,
		height: 1,
		output: { type: "item", code: "canmarket:cangearpayment-copper", quantity: 20}
	},
	    {
		ingredientPattern: "C",
		requiresTrait: "Smith",
		ingredients: {
			"C": {type: "Item", code: "game:clothes-neck-noble-necklace" , quantity: 1}
					},
		width: 1,
		height: 1,
		output: { type: "item", code: "canmarket:cangearpayment-copper", quantity: 20}
	},
	    {
		ingredientPattern: "C",
		requiresTrait: "Smith",
		ingredients: {
			"C": {type: "Item", code: "game:clothes-neck-pearl-necklace", quantity: 1}
					},
		width: 1,
		height: 1,
		output: { type: "item", code: "canmarket:cangearpayment-copper", quantity: 20}
	},
	{
		ingredientPattern: "C",
		requiresTrait: "Smith",
		ingredients: {
			"C": {type: "Item", code: "game:clothes-head-gold-coronet" , quantity: 1}
					},
		width: 1,
		height: 1,
		output: { type: "item", code: "canmarket:cangearpayment-copper", quantity: 20}
	},
	{
		ingredientPattern: "C",
		requiresTrait: "Smith",
		ingredients: {
			"C": {type: "Item", code: "game:clothes-arm-rosary" , quantity: 1}
					},
		width: 1,
		height: 1,
		output: { type: "item", code: "canmarket:cangearpayment-copper", quantity: 20}
	},
	    {
		ingredientPattern: "C",
		requiresTrait: "Smith",
		ingredients: {
			"C": {type: "Item", code: "game:clothes-arm-silver-bracelet" , quantity: 1}
					},
		width: 1,
		height: 1,
		output: { type: "item", code: "canmarket:cangearpayment-copper", quantity: 20}
	},
	{
		ingredientPattern: "C",
		requiresTrait: "Smith",
		ingredients: {
			"C": {type: "Item", code: "game:clothes-arm-silver-chain" , quantity: 1}
					},
		width: 1,
		height: 1,
		output: { type: "item", code: "canmarket:cangearpayment-copper", quantity: 20}
	},
	{
		ingredientPattern: "CC,CC",
		requiresTrait: "Smith",
		ingredients: {
			"C": {type: "Item", code: "game:metalplate-copper", quantity: 2 }
					},
		width: 2,
		height: 2,
		output: {type: "Item", code: "canmarket:cangearpayment-copper", quantity: 64}
	},
	{
		ingredientPattern: "CC,CC",
		requiresTrait: "Smith",
		ingredients: {
			"C": {type: "Item", code: "game:metalplate-tinbronze", quantity: 2 }
					},
		width: 2,
		height: 2,
		output: {type: "Item", code: "canmarket:cangearpayment-copper", quantity: 120}
	},
	{
		ingredientPattern: "CC,CC",
		requiresTrait: "Smith",
		ingredients: {
			"C": {type: "Item", code: "game:metalplate-bismuthbronze", quantity: 2 }
					},
		width: 2,
		height: 2,
		output: {type: "Item", code: "canmarket:cangearpayment-copper", quantity: 160}
	},
	{
		ingredientPattern: "CC,CC",
		requiresTrait: "Smith",
		ingredients: {
			"C": {type: "Item", code: "game:metalplate-blackbronze", quantity: 2 }
					},
		width: 2,
		height: 2,
		output: {type: "Item", code: "canmarket:cangearpayment-copper", quantity: 240}
	},
	{
		ingredientPattern: "CC,CC",
		requiresTrait: "Smith",
		ingredients: {
			"C": {type: "Item", code: "game:metalplate-gold", quantity: 2 }
					},
		width: 2,
		height: 2,
		output: {type: "Item", code: "canmarket:cangearpayment-copper", quantity: 240}
	},
	{
		ingredientPattern: "CC,CC",
		requiresTrait: "Smith",
		ingredients: {
			"C": {type: "Item", code: "game:metalplate-silver", quantity: 2 }
					},
		width: 2,
		height: 2,
		output: {type: "Item", code: "canmarket:cangearpayment-copper", quantity: 240}
	},
	{
		ingredientPattern: "CC,CC",
		requiresTrait: "Smith",
		ingredients: {
			"C": {type: "Item", code: "game:ingot-iron", quantity: 2 }
					},
		width: 2,
		height: 2,
		output: {type: "Item", code: "canmarket:cangearpayment-copper", quantity: 96}
	},
	{
		ingredientPattern: "CC,CC",
		requiresTrait: "Smith",
		ingredients: {
			"C": {type: "Item", code: "game:ingot-meteoriciron", quantity: 2 }
					},
		width: 2,
		height: 2,
		output: {type: "Item", code: "canmarket:cangearpayment-copper", quantity: 120}
	},
	{
		ingredientPattern: "CAB",
		requiresTrait: "Smith",
		ingredients: {
			"C": {type: "Item", code: "tonwexp:armor-head-samura-*", attributes: { "durability": 300 } },
			"A": {type: "Item", code: "tonwexp:armor-body-samura-*", attributes: { "durability": 300 } },
			"B": {type: "Item", code: "tonwexp:armor-legs-samura-*", attributes: { "durability": 300 } }
					},
		width: 3,
		height: 1,
		output: {type: "Item", code: "canmarket:cangearpayment-copper", quantity: 750}
	},
	{
		ingredientPattern: "CAB",
		requiresTrait: "Smith",
		ingredients: {
			"C": {type: "Item", code: "tonwexp:armor-head-segment-iron", attributes: { "durability": 675 } },
			"A": {type: "Item", code: "tonwexp:armor-body-segment-iron", attributes: { "durability": 675 } },
			"B": {type: "Item", code: "tonwexp:armor-legs-segment-iron", attributes: { "durability": 675 } }
					},
		width: 3,
		height: 1,
		output: {type: "Item", code: "canmarket:cangearpayment-copper", quantity: 350}
	},
	{
		ingredientPattern: "CAB",
		requiresTrait: "Smith",
		ingredients: {
			"C": {type: "Item", code: "tonwexp:armor-head-lamelar-iron", attributes: { "durability": 825 } },
			"A": {type: "Item", code: "tonwexp:armor-body-lamelar-iron", attributes: { "durability": 825 } },
			"B": {type: "Item", code: "tonwexp:armor-legs-lamelar-iron", attributes: { "durability": 825 } }
					},
		width: 3,
		height: 1,
		output: {type: "Item", code: "canmarket:cangearpayment-copper", quantity: 310}
	},
	{
		ingredientPattern: "CAB",
		requiresTrait: "Smith",
		ingredients: {
			"C": {type: "Item", code: "game:armor-head-plate-gold", attributes: { "durability": 300 } },
			"A": {type: "Item", code: "game:armor-body-plate-gold", attributes: { "durability": 300 } },
			"B": {type: "Item", code: "game:armor-legs-plate-gold", attributes: { "durability": 300 } }
					},
		width: 3,
		height: 1,
		output: {type: "Item", code: "canmarket:cangearpayment-copper", quantity: 1800}
	},
	{
		ingredientPattern: "CAB",
		requiresTrait: "Smith",
		ingredients: {
			"C": {type: "Item", code: "game:armor-head-plate-silver", attributes: { "durability": 300 } },
			"A": {type: "Item", code: "game:armor-body-plate-silver", attributes: { "durability": 300 } },
			"B": {type: "Item", code: "game:armor-legs-plate-silver", attributes: { "durability": 300 } }
					},
		width: 3,
		height: 1,
		output: {type: "Item", code: "canmarket:cangearpayment-copper", quantity: 1800}
	},
	{
		ingredientPattern: "CAB",
		requiresTrait: "Smith",
		ingredients: {
			"C": {type: "Item", code: "game:armor-head-plate-steel", attributes: { "durability": 5000 } },
			"A": {type: "Item", code: "game:armor-body-plate-steel", attributes: { "durability": 5000 } },
			"B": {type: "Item", code: "game:armor-legs-plate-steel", attributes: { "durability": 5000 } }
					},
		width: 3,
		height: 1,
		output: {type: "Item", code: "canmarket:cangearpayment-copper", quantity: 4000}
	},
	{
		ingredientPattern: "CC,CC",
		requiresTrait: "Smith",
		ingredients: {
			"C": {type: "Item", code: "game:metalplate-iron", quantity: 2 }
					},
		width: 2,
		height: 2,
		output: {type: "Item", code: "canmarket:cangearpayment-copper", quantity: 224}
	},
	{
		ingredientPattern: "CC,CC",
		requiresTrait: "Smith",
		ingredients: {
			"C": {type: "Item", code: "game:metalplate-meteoriciron", quantity: 2 }
					},
		width: 2,
		height: 2,
		output: {type: "Item", code: "canmarket:cangearpayment-copper", quantity: 280}
	},
	{
		ingredientPattern: "CC,CC",
		requiresTrait: "Smith",
		ingredients: {
			"C": {type: "Item", code: "game:metalplate-steel", quantity: 2 }
					},
		width: 2,
		height: 2,
		output: {type: "Item", code: "canmarket:cangearpayment-copper", quantity: 800}
	},
	{
		ingredientPattern: "CC,CC",
		requiresTrait: "Smith",
		ingredients: {
			"C": {type: "Item", code: "game:ingot-steel", quantity: 2 }
					},
		width: 2,
		height: 2,
		output: {type: "Item", code: "canmarket:cangearpayment-copper", quantity: 360}
	},
]